date,symbol,cumulative_return
2023-10-03,BAJAJ-AUTO,0.0
2023-10-03,BEL,0.0
2023-10-03,BHARTIARTL,0.0
2023-10-03,M&M,0.0
2023-10-03,TRENT,0.0
2023-10-04,BAJAJ-AUTO,-0.019505825833009305
2023-10-04,BEL,-0.0025143678160919336
2023-10-04,BHARTIARTL,-0.0011347671025613293
2023-10-04,M&M,-0.009951866788083907
2023-10-04,TRENT,-0.017871885775338714
2023-10-05,BAJAJ-AUTO,-0.0010764584516939069
2023-10-05,BEL,-0.0017959770114942541
2023-10-05,BHARTIARTL,0.0038365935372313142
2023-10-05,M&M,0.0003577468453233035
2023-10-05,TRENT,-0.005584964304793272
2023-10-06,BAJAJ-AUTO,-0.0003687866917839733
2023-10-06,BEL,-0.0014367816091952479
2023-10-06,BHARTIARTL,0.0008105479304010288
2023-10-06,M&M,0.007447638870820672
2023-10-06,TRENT,0.006313437909766462
2023-10-09,BAJAJ-AUTO,-0.0018239990431480058
2023-10-09,BEL,-0.024784482758620552
2023-10-09,BHARTIARTL,-0.0008105479304009178
2023-10-09,M&M,-0.014439963574866765
2023-10-09,TRENT,0.009688698946141772
2023-10-10,BAJAJ-AUTO,0.004196194520029062
2023-10-10,BEL,0.0053879310344828735
2023-10-10,BHARTIARTL,0.024910839727655842
2023-10-10,M&M,0.0002927019643550466
2023-10-10,TRENT,-0.004030887280850659
2023-10-11,BAJAJ-AUTO,0.009558552362726624
2023-10-11,BEL,-0.010416666666666519
2023-10-11,BHARTIARTL,0.032746136388198455
2023-10-11,M&M,0.012293482502926611
2023-10-11,TRENT,0.020494390753241776
2023-10-12,BAJAJ-AUTO,0.017970875818557053
2023-10-12,BEL,-0.007183908045976906
2023-10-12,BHARTIARTL,0.027072300875391697
2023-10-12,M&M,0.0190256276831009
2023-10-12,TRENT,0.008790248166674619
2023-10-13,BAJAJ-AUTO,0.007166422470073375
2023-10-13,BEL,-0.012571839080459668
2023-10-13,BHARTIARTL,0.0312331135847832
2023-10-13,M&M,0.01629374268245054
2023-10-13,TRENT,0.01248118109853813
2023-10-16,BAJAJ-AUTO,0.012010485502696122
2023-10-16,BEL,-0.012931034482758341
2023-10-16,BHARTIARTL,0.022965524694693373
2023-10-16,M&M,0.02416417327956233
2023-10-16,TRENT,0.0235782623476275
2023-10-17,BAJAJ-AUTO,0.02487815088359291
2023-10-17,BEL,-0.004669540229884861
2023-10-17,BHARTIARTL,0.03063871176915578
2023-10-17,M&M,0.025497593339403712
2023-10-17,TRENT,0.00966441649264227
2023-10-18,BAJAJ-AUTO,0.024100708668480575
2023-10-18,BEL,-0.015445402298850386
2023-10-18,BHARTIARTL,0.02977412731006157
2023-10-18,M&M,0.02435930792246599
2023-10-18,TRENT,-0.004929338060317812
2023-10-19,BAJAJ-AUTO,0.09292427912168955
2023-10-19,BEL,-0.015804597701149392
2023-10-19,BHARTIARTL,0.0190748946287691
2023-10-19,M&M,0.020911929231169024
2023-10-19,TRENT,0.0007284736049730789
2023-10-20,BAJAJ-AUTO,0.09425988497842086
2023-10-20,BEL,-0.03591954022988508
2023-10-20,BHARTIARTL,0.021506538419971966
2023-10-20,M&M,0.01356185768179996
2023-10-20,TRENT,-0.011145646156087485
2023-10-23,BAJAJ-AUTO,0.07753491014562064
2023-10-23,BEL,-0.04669540229885061
2023-10-23,BHARTIARTL,0.015130228034150983
2023-10-23,M&M,0.01804995446858304
2023-10-23,TRENT,-0.032611335049293255
2023-10-25,BAJAJ-AUTO,0.06595301458202485
2023-10-25,BEL,-0.05747126436781602
2023-10-25,BHARTIARTL,-0.0029179725494434816
2023-10-25,M&M,0.020619227266813533
2023-10-25,TRENT,-0.03197999125831674
2023-10-26,BAJAJ-AUTO,0.04842069591045428
2023-10-26,BEL,-0.07435344827586188
2023-10-26,BHARTIARTL,-0.021398465362585162
2023-10-26,M&M,-0.02035904774294317
2023-10-26,TRENT,-0.013598173959496807
2023-10-27,BAJAJ-AUTO,0.07118579872220354
2023-10-27,BEL,-0.050287356321838894
2023-10-27,BHARTIARTL,-0.01156381714038679
2023-10-27,M&M,-0.017301938337453415
2023-10-27,TRENT,0.03059589140886798
2023-10-30,BAJAJ-AUTO,0.05829819892553445
2023-10-30,BEL,-0.05208333333333315
2023-10-30,BHARTIARTL,0.0010266940451746365
2023-10-30,M&M,-0.025757772863276296
2023-10-30,TRENT,0.029454616094410246
2023-10-31,BAJAJ-AUTO,0.05932482133779815
2023-10-31,BEL,-0.04274425287356309
2023-10-31,BHARTIARTL,-0.011779963255160397
2023-10-31,M&M,-0.05125536620268045
2023-10-31,TRENT,0.04642805109028214
2023-11-01,BAJAJ-AUTO,0.06536494931674741
2023-11-01,BEL,-0.048850574712643535
2023-11-01,BHARTIARTL,-0.012806657300334812
2023-11-01,M&M,-0.053857161441395185
2023-11-01,TRENT,0.06728667864601068
2023-11-02,BAJAJ-AUTO,0.060191968423884745
2023-11-02,BEL,-0.03196839080459746
2023-11-02,BHARTIARTL,-0.0015670593321083226
2023-11-02,M&M,-0.044035384415247125
2023-11-02,TRENT,0.06349861590015071
2023-11-03,BAJAJ-AUTO,0.07026881559668618
2023-11-03,BEL,-0.023347701149425193
2023-11-03,BHARTIARTL,0.005889981627580365
2023-11-03,M&M,-0.04449069858202226
2023-11-03,TRENT,0.06672818221553123
2023-11-06,BAJAJ-AUTO,0.07782395917431595
2023-11-06,BEL,-0.011135057471264198
2023-11-06,BHARTIARTL,0.015022154976764401
2023-11-06,M&M,-0.03193703655522384
2023-11-06,TRENT,0.08455150308387172
2023-11-07,BAJAJ-AUTO,0.08024599069062721
2023-11-07,BEL,-0.008261494252873258
2023-11-07,BHARTIARTL,0.012806657300334923
2023-11-07,M&M,-0.0374983738779765
2023-11-07,TRENT,0.17721334563644353
2023-11-08,BAJAJ-AUTO,0.07598002571539575
2023-11-08,BEL,0.00862068965517282
2023-11-08,BHARTIARTL,0.012374365070787707
2023-11-08,M&M,-0.0325224404839346
2023-11-08,TRENT,0.191224321305425
2023-11-09,BAJAJ-AUTO,0.0802260562748549
2023-11-09,BEL,-0.008979885057470938
2023-11-09,BHARTIARTL,0.0076191505457687825
2023-11-09,M&M,0.009529075061791792
2023-11-09,TRENT,0.2034626778689721
2023-11-10,BAJAJ-AUTO,0.0748736656400435
2023-11-10,BEL,-0.0028735632183902737
2023-11-10,BHARTIARTL,0.01102345185345266
2023-11-10,M&M,-0.008650969168727318
2023-11-10,TRENT,0.20895051235976903
2023-11-13,BAJAJ-AUTO,0.08148192446849789
2023-11-13,BEL,0.03017241379310409
2023-11-13,BHARTIARTL,0.01048308656651864
2023-11-13,M&M,0.001853779107583442
2023-11-13,TRENT,0.2428002525375168
2023-11-15,BAJAJ-AUTO,0.10370879805440025
2023-11-15,BEL,0.027658045977012158
2023-11-15,BHARTIARTL,0.02669404517453766
2023-11-15,M&M,0.004390529465330362
2023-11-15,TRENT,0.23993492302462283
2023-11-16,BAJAJ-AUTO,0.10653948509403977
2023-11-16,BEL,0.024425287356322434
2023-11-16,BHARTIARTL,0.026207716416297044
2023-11-16,M&M,0.020879406790684785
2023-11-16,TRENT,0.23583118838327444
2023-11-17,BAJAJ-AUTO,0.12260662420636015
2023-11-17,BEL,0.04956896551724199
2023-11-17,BHARTIARTL,0.02377607262509418
2023-11-17,M&M,0.030668661376348716
2023-11-17,TRENT,0.2512262639017049
2023-11-20,BAJAJ-AUTO,0.12632439274785856
2023-11-20,BEL,0.033405172413793593
2023-11-20,BHARTIARTL,0.03901437371663197
2023-11-20,M&M,0.009626642383243622
2023-11-20,TRENT,0.27373609829537204
2023-11-21,BAJAJ-AUTO,0.13346091359427392
2023-11-21,BEL,0.026221264367816577
2023-11-21,BHARTIARTL,0.04922727763968382
2023-11-21,M&M,0.014537530896317596
2023-11-21,TRENT,0.2693652566655338
2023-11-22,BAJAJ-AUTO,0.14653789034077813
2023-11-22,BEL,0.01903735632183956
2023-11-22,BHARTIARTL,0.04803847400842898
2023-11-22,M&M,0.003935215298555228
2023-11-22,TRENT,0.27587295420329294
2023-11-23,BAJAJ-AUTO,0.18116397053693256
2023-11-23,BEL,0.0010775862068970188
2023-11-23,BHARTIARTL,0.055495514968117776
2023-11-23,M&M,0.0054962924417838455
2023-11-23,TRENT,0.28942256325579163
2023-11-24,BAJAJ-AUTO,0.18217065853342396
2023-11-24,BEL,0.008261494252874035
2023-11-24,BHARTIARTL,0.051712957959580086
2023-11-24,M&M,0.010277091192922194
2023-11-24,TRENT,0.2868243407313875
2023-11-28,BAJAJ-AUTO,0.19569615963480036
2023-11-28,BEL,0.015086206896552268
2023-11-28,BHARTIARTL,0.06441154220252843
2023-11-28,M&M,0.018635358397293134
2023-11-28,TRENT,0.2975329027244913
2023-11-29,BAJAJ-AUTO,0.21000907015917525
2023-11-29,BEL,0.012931034482759118
2023-11-29,BHARTIARTL,0.07575921322814172
2023-11-29,M&M,0.053141667750747024
2023-11-29,TRENT,0.2997911708999079
2023-11-30,BAJAJ-AUTO,0.21411555980822983
2023-11-30,BEL,0.04813218390804641
2023-11-30,BHARTIARTL,0.09661731330379286
2023-11-30,M&M,0.07177702614804127
2023-11-30,TRENT,0.35350395803992063
2023-12-01,BAJAJ-AUTO,0.20524474478964105
2023-12-01,BEL,0.05926724137931072
2023-12-01,BHARTIARTL,0.09661731330379286
2023-12-01,M&M,0.057304540132690596
2023-12-01,TRENT,0.3635568937885487
2023-12-04,BAJAJ-AUTO,0.2362726629389298
2023-12-04,BEL,0.10308908045977061
2023-12-04,BHARTIARTL,0.11628660974818938
2023-12-04,M&M,0.07769611031611712
2023-12-04,TRENT,0.3680005827788846
2023-12-05,BAJAJ-AUTO,0.22399306282331022
2023-12-05,BEL,0.09195402298850608
2023-12-05,BHARTIARTL,0.11434129471522692
2023-12-05,M&M,0.09668921555873466
2023-12-05,TRENT,0.3961196639308442
2023-12-06,BAJAJ-AUTO,0.21000907015917525
2023-12-06,BEL,0.12176724137931072
2023-12-06,BHARTIARTL,0.10715443639900535
2023-12-06,M&M,0.10732405359698127
2023-12-06,TRENT,0.39276868534796816
2023-12-07,BAJAJ-AUTO,0.21472355948927913
2023-12-07,BEL,0.15193965517241415
2023-12-07,BHARTIARTL,0.08073057386793447
2023-12-07,M&M,0.10098217770261408
2023-12-07,TRENT,0.38176873391287525
2023-12-08,BAJAJ-AUTO,0.21115529906607144
2023-12-08,BEL,0.14044540229885105
2023-12-08,BHARTIARTL,0.08100075651140148
2023-12-08,M&M,0.08530636138935788
2023-12-08,TRENT,0.3798747025399456
2023-12-11,BAJAJ-AUTO,0.22365417775518415
2023-12-11,BEL,0.1584051724137936
2023-12-11,BHARTIARTL,0.0816491948557223
2023-12-11,M&M,0.07467152335111149
2023-12-11,TRENT,0.39934923024622515
2023-12-12,BAJAJ-AUTO,0.24673823121928717
2023-12-12,BEL,0.1551724137931041
2023-12-12,BHARTIARTL,0.07559710364206196
2023-12-12,M&M,0.06374398334850984
2023-12-12,TRENT,0.40039337574668643
2023-12-13,BAJAJ-AUTO,0.259077634582223
2023-12-13,BEL,0.1698994252873567
2023-12-13,BHARTIARTL,0.08062250081054789
2023-12-13,M&M,0.08374528424612926
2023-12-13,TRENT,0.4391967364382503
2023-12-14,BAJAJ-AUTO,0.2628153375394935
2023-12-14,BEL,0.17816091954023028
2023-12-14,BHARTIARTL,0.08635037285204805
2023-12-14,M&M,0.1080720697281119
2023-12-14,TRENT,0.44954106162886776
2023-12-15,BAJAJ-AUTO,0.25092445853142986
2023-12-15,BEL,0.21443965517241415
2023-12-15,BHARTIARTL,0.0726791310926187
2023-12-15,M&M,0.1219916742552356
2023-12-15,TRENT,0.451969306978778
2023-12-18,BAJAJ-AUTO,0.28889952057729884
2023-12-18,BEL,0.24066091954023006
2023-12-18,BHARTIARTL,0.07019345077272243
2023-12-18,M&M,0.11278782359828221
2023-12-18,TRENT,0.4430819289981067
2023-12-19,BAJAJ-AUTO,0.2795901484117236
2023-12-19,BEL,0.2431752873563222
2023-12-19,BHARTIARTL,0.06824813573976019
2023-12-19,M&M,0.10534018472746132
2023-12-19,TRENT,0.45733572920207943
2023-12-20,BAJAJ-AUTO,0.2687159246080377
2023-12-20,BEL,0.20150862068965547
2023-12-20,BHARTIARTL,0.04998378904139211
2023-12-20,M&M,0.07125666710029877
2023-12-20,TRENT,0.432154824923511
2023-12-21,BAJAJ-AUTO,0.24517337958117635
2023-12-21,BEL,0.22593390804597724
2023-12-21,BHARTIARTL,0.05684642818545349
2023-12-21,M&M,0.06273578769350796
2023-12-21,TRENT,0.4351901316108988
2023-12-22,BAJAJ-AUTO,0.27024090741460416
2023-12-22,BEL,0.25574712643678166
2023-12-22,BHARTIARTL,0.0694369393710148
2023-12-22,M&M,0.06299596721737943
2023-12-22,TRENT,0.4401923170317139
2023-12-26,BAJAJ-AUTO,0.28867027479591956
2023-12-26,BEL,0.30711206896551735
2023-12-26,BHARTIARTL,0.08056846428185449
2023-12-26,M&M,0.08120853388838234
2023-12-26,TRENT,0.44237773784663315
2023-12-27,BAJAJ-AUTO,0.33752952785336054
2023-12-27,BEL,0.29454022988505746
2023-12-27,BHARTIARTL,0.10364206203393489
2023-12-27,M&M,0.09792506829712444
2023-12-27,TRENT,0.4621679374484011
2023-12-28,BAJAJ-AUTO,0.33626369245183163
2023-12-28,BEL,0.3125
2023-12-28,BHARTIARTL,0.12039338592888771
2023-12-28,M&M,0.12817093794718293
2023-12-28,TRENT,0.469574085765627
2023-12-29,BAJAJ-AUTO,0.3549920760697287
2023-12-29,BEL,0.32327586206896575
2023-12-29,BHARTIARTL,0.11553009834648198
2023-12-29,M&M,0.1248861714583056
2023-12-29,TRENT,0.4836336263416068
2024-01-01,BAJAJ-AUTO,0.33582513530484537
2024-01-01,BEL,0.3286637931034484
2024-01-01,BHARTIARTL,0.09483410785691082
2024-01-01,M&M,0.10790945752569203
2024-01-01,TRENT,0.4579670729930565
2024-01-02,BAJAJ-AUTO,0.3286387784189999
2024-01-02,BEL,0.30854885057471293
2024-01-02,BHARTIARTL,0.10418242732086846
2024-01-02,M&M,0.07727331858982645
2024-01-02,TRENT,0.45461609441018047
2024-01-03,BAJAJ-AUTO,0.39271795791844655
2024-01-03,BEL,0.3099856321839083
2024-01-03,BHARTIARTL,0.11877229006808565
2024-01-03,M&M,0.07665539222063167
2024-01-03,TRENT,0.48528483317954585
2024-01-04,BAJAJ-AUTO,0.3798901613690939
2024-01-04,BEL,0.34267241379310365
2024-01-04,BHARTIARTL,0.13249756835620863
2024-01-04,M&M,0.0678418108494856
2024-01-04,TRENT,0.4898984993443751
2024-01-05,BAJAJ-AUTO,0.3911232046566777
2024-01-05,BEL,0.3358477011494254
2024-01-05,BHARTIARTL,0.13109261861018018
2024-01-05,M&M,0.06803694549238903
2024-01-05,TRENT,0.4887815064834167
2024-01-08,BAJAJ-AUTO,0.3921896959004856
2024-01-08,BEL,0.31896551724137945
2024-01-08,BHARTIARTL,0.13374040851615665
2024-01-08,M&M,0.051222843762195325
2024-01-08,TRENT,0.478582876013794
2024-01-09,BAJAJ-AUTO,0.41412752045769197
2024-01-09,BEL,0.32650862068965525
2024-01-09,BHARTIARTL,0.1504376958824163
2024-01-09,M&M,0.060166514895277246
2024-01-09,TRENT,0.5130153950755199
2024-01-10,BAJAJ-AUTO,0.40612385252519
2024-01-10,BEL,0.3333333333333335
2024-01-10,BHARTIARTL,0.14849238084945404
2024-01-10,M&M,0.06205281644334537
2024-01-10,TRENT,0.541255888494975
2024-01-11,BAJAJ-AUTO,0.454983105582631
2024-01-11,BEL,0.3243534482758623
2024-01-11,BHARTIARTL,0.14865449043553403
2024-01-11,M&M,0.05935345388317881
2024-01-11,TRENT,0.5423243164489355
2024-01-12,BAJAJ-AUTO,0.45560107247156645
2024-01-12,BEL,0.3182471264367819
2024-01-12,BHARTIARTL,0.1632443531827512
2024-01-12,M&M,0.05662156888252823
2024-01-12,TRENT,0.5599776601427824
2024-01-15,BAJAJ-AUTO,0.4616112988268575
2024-01-15,BEL,0.35524425287356376
2024-01-15,BHARTIARTL,0.19139738463201095
2024-01-15,M&M,0.06384155066996144
2024-01-15,TRENT,0.550823175173621
2024-01-16,BAJAJ-AUTO,0.4540063192097976
2024-01-16,BEL,0.3419540229885063
2024-01-16,BHARTIARTL,0.18437263590186936
2024-01-16,M&M,0.05395472876284546
2024-01-16,TRENT,0.5376135204701096
2024-01-17,BAJAJ-AUTO,0.4284902670214972
2024-01-17,BEL,0.3336925287356327
2024-01-17,BHARTIARTL,0.17286285529017587
2024-01-17,M&M,0.03922206322362354
2024-01-17,TRENT,0.5287504249429376
2024-01-18,BAJAJ-AUTO,0.412074275633165
2024-01-18,BEL,0.3520114942528738
2024-01-18,BHARTIARTL,0.1748081703231379
2024-01-18,M&M,0.05193833745284149
2024-01-18,TRENT,0.5306444563158677
2024-01-19,BAJAJ-AUTO,0.4226295487844971
2024-01-19,BEL,0.37823275862068995
2024-01-19,BHARTIARTL,0.21582189560142595
2024-01-19,M&M,0.07685052686353466
2024-01-19,TRENT,0.5589577970958202
2024-01-23,BAJAJ-AUTO,0.4145262087731343
2024-01-23,BEL,0.344109195402299
2024-01-23,BHARTIARTL,0.2514860045390679
2024-01-23,M&M,0.03759594119942644
2024-01-23,TRENT,0.5366665047836447
2024-01-24,BAJAJ-AUTO,0.4378395080186166
2024-01-24,BEL,0.3595545977011496
2024-01-24,BHARTIARTL,0.2860153463741486
2024-01-24,M&M,0.05899570703785484
2024-01-24,TRENT,0.5651255402845916
2024-01-25,BAJAJ-AUTO,0.5145172382860366
2024-01-25,BEL,0.3627873563218391
2024-01-25,BHARTIARTL,0.25424186750243116
2024-01-25,M&M,0.06380902822947698
2024-01-25,TRENT,0.5695206643679289
2024-01-29,BAJAJ-AUTO,0.5048091778050192
2024-01-29,BEL,0.3714080459770115
2024-01-29,BHARTIARTL,0.25597103642062
2024-01-29,M&M,0.066736047873031
2024-01-29,TRENT,0.5766111407896666
2024-01-30,BAJAJ-AUTO,0.5083176349809104
2024-01-30,BEL,0.34985632183908044
2024-01-30,BHARTIARTL,0.25218847941208233
2024-01-30,M&M,0.053954728762844795
2024-01-30,TRENT,0.48363362634160656
2024-01-31,BAJAJ-AUTO,0.5284812965343997
2024-01-31,BEL,0.3354885057471264
2024-01-31,BHARTIARTL,0.26521128282719086
2024-01-31,M&M,0.07424873162481971
2024-01-31,TRENT,0.4991743965810316
2024-02-01,BAJAJ-AUTO,0.5261290354732908
2024-02-01,BEL,0.31752873563218387
2024-02-01,BHARTIARTL,0.2441370366367661
2024-02-01,M&M,0.07398855210094823
2024-02-01,TRENT,0.5068719343402468
2024-02-02,BAJAJ-AUTO,0.5425649612773953
2024-02-02,BEL,0.32614942528735624
2024-02-02,BHARTIARTL,0.2437047444072189
2024-02-02,M&M,0.08023286067386337
2024-02-02,TRENT,0.5181632752173289
2024-02-05,BAJAJ-AUTO,0.5266273958675936
2024-02-05,BEL,0.30423850574712663
2024-02-05,BHARTIARTL,0.20344753053063847
2024-02-05,M&M,0.10807206972811079
2024-02-05,TRENT,0.470132582196106
2024-02-06,BAJAJ-AUTO,0.5390166352699597
2024-02-06,BEL,0.31537356321839094
2024-02-06,BHARTIARTL,0.22560250729493103
2024-02-06,M&M,0.123747886041367
2024-02-06,TRENT,0.4739449273954648
2024-02-07,BAJAJ-AUTO,0.5353287683521193
2024-02-07,BEL,0.3053160919540232
2024-02-07,BHARTIARTL,0.22587268993839804
2024-02-07,M&M,0.11942240145700378
2024-02-07,TRENT,0.7519790199601777
2024-02-08,BAJAJ-AUTO,0.546362467481982
2024-02-08,BEL,0.32758620689655205
2024-02-08,BHARTIARTL,0.23435642494326148
2024-02-08,M&M,0.09659164823728239
2024-02-08,TRENT,0.8658394444174651
2024-02-09,BAJAJ-AUTO,0.5518643662350844
2024-02-09,BEL,0.2977729885057474
2024-02-09,BHARTIARTL,0.21068842537555366
2024-02-09,M&M,0.07089892025497457
2024-02-09,TRENT,0.8258219610509459
2024-02-12,BAJAJ-AUTO,0.5608547877483059
2024-02-12,BEL,0.2546695402298853
2024-02-12,BHARTIARTL,0.20901329298605842
2024-02-12,M&M,0.08003772603095993
2024-02-12,TRENT,0.8464620465251822
2024-02-13,BAJAJ-AUTO,0.5782874343410158
2024-02-13,BEL,0.26867816091954033
2024-02-13,BHARTIARTL,0.20809467199827036
2024-02-13,M&M,0.07112657733836203
2024-02-13,TRENT,0.8703559807682981
2024-02-14,BAJAJ-AUTO,0.6113586301069458
2024-02-14,BEL,0.3045977011494254
2024-02-14,BHARTIARTL,0.2059332108505345
2024-02-14,M&M,0.0778262000780523
2024-02-14,TRENT,0.904230003399545
2024-02-15,BAJAJ-AUTO,0.6192825603763594
2024-02-15,BEL,0.3358477011494252
2024-02-15,BHARTIARTL,0.21117475413379405
2024-02-15,M&M,0.14807467152334963
2024-02-15,TRENT,0.9196007964644761
2024-02-16,BAJAJ-AUTO,0.6595500802360208
2024-02-16,BEL,0.35272988505747116
2024-02-16,BHARTIARTL,0.21041824273208642
2024-02-16,M&M,0.19393131260569652
2024-02-16,TRENT,0.9545432470496833
2024-02-19,BAJAJ-AUTO,0.6963589789592217
2024-02-19,BEL,0.3559626436781609
2024-02-19,BHARTIARTL,0.23441046147195466
2024-02-19,M&M,0.20238714713151928
2024-02-19,TRENT,0.9654946335777783
2024-02-20,BAJAJ-AUTO,0.6535996571280462
2024-02-20,BEL,0.36961206896551735
2024-02-20,BHARTIARTL,0.23630173997622372
2024-02-20,M&M,0.20570443606088062
2024-02-20,TRENT,0.9551745908406601
2024-02-21,BAJAJ-AUTO,0.641050942399503
2024-02-21,BEL,0.3556034482758621
2024-02-21,BHARTIARTL,0.2319247811520586
2024-02-21,M&M,0.20960712891895272
2024-02-21,TRENT,0.8914817153125167
2024-02-22,BAJAJ-AUTO,0.6941163571848592
2024-02-22,BEL,0.399066091954023
2024-02-22,BHARTIARTL,0.22722360315573287
2024-02-22,M&M,0.24258488356966157
2024-02-22,TRENT,0.9202564227089518
2024-02-23,BAJAJ-AUTO,0.6818566914850117
2024-02-23,BEL,0.47485632183908044
2024-02-23,BHARTIARTL,0.2166324435318272
2024-02-23,M&M,0.25533368023936354
2024-02-23,TRENT,0.8871351561361773
2024-02-26,BAJAJ-AUTO,0.6840594444278296
2024-02-26,BEL,0.4673132183908044
2024-02-26,BHARTIARTL,0.19966497352210055
2024-02-26,M&M,0.2552361129179117
2024-02-26,TRENT,0.8671264144529176
2024-02-27,BAJAJ-AUTO,0.6871492788725069
2024-02-27,BEL,0.475215517241379
2024-02-27,BHARTIARTL,0.21852372203609605
2024-02-27,M&M,0.2687654481592281
2024-02-27,TRENT,0.9122432130542484
2024-02-28,BAJAJ-AUTO,0.6323595371228632
2024-02-28,BEL,0.47737068965517193
2024-02-28,BHARTIARTL,0.2198746352534311
2024-02-28,M&M,0.23692597892545697
2024-02-28,TRENT,0.9060754698654767
2024-02-29,BAJAJ-AUTO,0.5766827138713608
2024-02-29,BEL,0.47341954022988464
2024-02-29,BHARTIARTL,0.21403869015454413
2024-02-29,M&M,0.2569272798230764
2024-02-29,TRENT,0.8851925598562493
2024-03-01,BAJAJ-AUTO,0.602736995285508
2024-03-01,BEL,0.47701149425287337
2024-03-01,BHARTIARTL,0.21982059872473791
2024-03-01,M&M,0.2833029790555468
2024-03-01,TRENT,0.8946384342673996
2024-03-04,BAJAJ-AUTO,0.6360773056643614
2024-03-04,BEL,0.5057471264367812
2024-03-04,BHARTIARTL,0.22500810547930383
2024-03-04,M&M,0.2495446858332233
2024-03-04,TRENT,0.9036472245155667
2024-03-05,BAJAJ-AUTO,0.664872569247174
2024-03-05,BEL,0.5140086206896548
2024-03-05,BHARTIARTL,0.26326596779422884
2024-03-05,M&M,0.26138285416937523
2024-03-05,TRENT,0.8708659122917795
2024-03-06,BAJAJ-AUTO,0.7155159525162185
2024-03-06,BEL,0.5118534482758617
2024-03-06,BHARTIARTL,0.2900680860261535
2024-03-06,M&M,0.28180694679328555
2024-03-06,TRENT,0.8804331989704255
2024-03-07,BAJAJ-AUTO,0.7699867436135084
2024-03-07,BEL,0.5459770114942526
2024-03-07,BHARTIARTL,0.2965524694693611
2024-03-07,M&M,0.2342591388057742
2024-03-07,TRENT,0.9193822543829842
2024-03-11,BAJAJ-AUTO,0.7262007993700694
2024-03-11,BEL,0.5269396551724137
2024-03-11,BHARTIARTL,0.2932022046903704
2024-03-11,M&M,0.23217770261480242
2024-03-11,TRENT,0.9448788305570408
2024-03-12,BAJAJ-AUTO,0.6999471737982013
2024-03-12,BEL,0.4673132183908044
2024-03-12,BHARTIARTL,0.30146979358046
2024-03-12,M&M,0.23269806166254536
2024-03-12,TRENT,0.9467728619299707
2024-03-13,BAJAJ-AUTO,0.6714808280756284
2024-03-13,BEL,0.3670977011494252
2024-03-13,BHARTIARTL,0.2631038582081484
2024-03-13,M&M,0.2057369585013642
2024-03-13,TRENT,0.9154242144626306
2024-03-14,BAJAJ-AUTO,0.6712117134627047
2024-03-14,BEL,0.40265804597701127
2024-03-14,BHARTIARTL,0.2910407435426343
2024-03-14,M&M,0.2297059971380233
2024-03-14,TRENT,0.9819824195036677
2024-03-15,BAJAJ-AUTO,0.664663257881567
2024-03-15,BEL,0.35668103448275845
2024-03-15,BHARTIARTL,0.31849130011888005
2024-03-15,M&M,0.17048263301677968
2024-03-15,TRENT,0.9736292554999768
2024-03-18,BAJAJ-AUTO,0.6987710432676466
2024-03-18,BEL,0.3642241379310345
2024-03-18,BHARTIARTL,0.3242191721603802
2024-03-18,M&M,0.2072655132041088
2024-03-18,TRENT,0.9771016463503481
2024-03-19,BAJAJ-AUTO,0.7223733915418249
2024-03-19,BEL,0.3318965517241379
2024-03-19,BHARTIARTL,0.3275154004106775
2024-03-19,M&M,0.199362560166513
2024-03-19,TRENT,0.9210577436744216
2024-03-20,BAJAJ-AUTO,0.7214564084163078
2024-03-20,BEL,0.3466235632183905
2024-03-20,BHARTIARTL,0.3312439208905218
2024-03-20,M&M,0.19968778457135228
2024-03-20,TRENT,0.925622844932253
2024-03-21,BAJAJ-AUTO,0.7443809865542339
2024-03-21,BEL,0.41415229885057436
2024-03-21,BHARTIARTL,0.3193558845779745
2024-03-21,M&M,0.21363991153895978
2024-03-21,TRENT,0.9434947307075914
2024-03-22,BAJAJ-AUTO,0.7831833268546455
2024-03-22,BEL,0.41882183908045945
2024-03-22,BHARTIARTL,0.3358910623581537
2024-03-22,M&M,0.22206322362429876
2024-03-22,TRENT,0.9176339177310482
2024-03-26,BAJAJ-AUTO,0.7862332924677784
2024-03-26,BEL,0.4324712643678159
2024-03-26,BHARTIARTL,0.31103425915919125
2024-03-26,M&M,0.21240405880057045
2024-03-26,TRENT,0.8851682774027494
2024-03-27,BAJAJ-AUTO,0.8264908451195543
2024-03-27,BEL,0.4328304597701147
2024-03-27,BHARTIARTL,0.3236788068734462
2024-03-27,M&M,0.2235917783270438
2024-03-27,TRENT,0.881987275994367
2024-03-28,BAJAJ-AUTO,0.8236302564562565
2024-03-28,BEL,0.44755747126436773
2024-03-28,BHARTIARTL,0.3277855830541443
2024-03-28,M&M,0.24973982047612653
2024-03-28,TRENT,0.917342528289059
2024-04-01,BAJAJ-AUTO,0.8024997757378203
2024-04-01,BEL,0.516522988505747
2024-04-01,BHARTIARTL,0.31562736409812997
2024-04-01,M&M,0.24622739690386175
2024-04-01,TRENT,0.8876208052061587
2024-04-02,BAJAJ-AUTO,0.849136341436671
2024-04-02,BEL,0.5876436781609193
2024-04-02,BHARTIARTL,0.30579271587593193
2024-04-02,M&M,0.28265253024586756
2024-04-02,TRENT,0.8900976154630671
2024-04-03,BAJAJ-AUTO,0.8101346569785384
2024-04-03,BEL,0.5912356321839078
2024-04-03,BHARTIARTL,0.3246514643899274
2024-04-03,M&M,0.2939378170937925
2024-04-03,TRENT,0.9051284541790108
2024-04-04,BAJAJ-AUTO,0.823231568140814
2024-04-04,BEL,0.5826149425287355
2024-04-04,BHARTIARTL,0.3042796930725167
2024-04-04,M&M,0.302653831143487
2024-04-04,TRENT,0.9441503569520671
2024-04-05,BAJAJ-AUTO,0.7959911889882261
2024-04-05,BEL,0.6127873563218389
2024-04-05,BHARTIARTL,0.28715011347671004
2024-04-05,M&M,0.30954858852608114
2024-04-05,TRENT,0.9098635326113358
2024-04-08,BAJAJ-AUTO,0.800177416300369
2024-04-08,BEL,0.6059626436781609
2024-04-08,BHARTIARTL,0.30195612233870084
2024-04-08,M&M,0.3516976713932596
2024-04-08,TRENT,0.9094992958088493
2024-04-09,BAJAJ-AUTO,0.7898912577619603
2024-04-09,BEL,0.639008620689655
2024-04-09,BHARTIARTL,0.30168593969523383
2024-04-09,M&M,0.3600234161571467
2024-04-09,TRENT,0.8951726482443794
2024-04-10,BAJAJ-AUTO,0.7952037795652274
2024-04-10,BEL,0.6433189655172411
2024-04-10,BHARTIARTL,0.32865016751323894
2024-04-10,M&M,0.35046181865487
2024-04-10,TRENT,0.9528677577582447
2024-04-12,BAJAJ-AUTO,0.8070248881180886
2024-04-12,BEL,0.6774425287356318
2024-04-12,BHARTIARTL,0.3244893548038472
2024-04-12,M&M,0.34704696240405686
2024-04-12,TRENT,0.9687484823466568
2024-04-15,BAJAJ-AUTO,0.7935093542245979
2024-04-15,BEL,0.68426724137931
2024-04-15,BHARTIARTL,0.3234086242299792
2024-04-15,M&M,0.33566410823467985
2024-04-15,TRENT,0.9276382885726777
2024-04-16,BAJAJ-AUTO,0.7779804443381246
2024-04-16,BEL,0.677083333333333
2024-04-16,BHARTIARTL,0.31465470658164896
2024-04-16,M&M,0.3212566671002972
2024-04-16,TRENT,0.9368656209023363
2024-04-18,BAJAJ-AUTO,0.7983434500493347
2024-04-18,BEL,0.6605603448275861
2024-04-18,BHARTIARTL,0.3679347238733379
2024-04-18,M&M,0.31712631715883766
2024-04-18,TRENT,0.9848963139235594
2024-04-19,BAJAJ-AUTO,0.7551256366554009
2024-04-19,BEL,0.6760057471264369
2024-04-19,BHARTIARTL,0.39306170971576737
2024-04-19,M&M,0.35481982567971726
2024-04-19,TRENT,1.0197901996017684
2024-04-22,BAJAJ-AUTO,0.7533813752753413
2024-04-22,BEL,0.6760057471264369
2024-04-22,BHARTIARTL,0.4023019561223382
2024-04-22,M&M,0.35986080395472686
2024-04-22,TRENT,1.0244767131270955
2024-04-23,BAJAJ-AUTO,0.7533913424832275
2024-04-23,BEL,0.6835488505747127
2024-04-23,BHARTIARTL,0.45071868583162145
2024-04-23,M&M,0.34161571484323994
2024-04-23,TRENT,1.0194745277062807
2024-04-24,BAJAJ-AUTO,0.7337160741161555
2024-04-24,BEL,0.6989942528735631
2024-04-24,BHARTIARTL,0.4442883389171073
2024-04-24,M&M,0.3389163522830734
2024-04-24,TRENT,1.0502889611966406
2024-04-25,BAJAJ-AUTO,0.7412512832780127
2024-04-25,BEL,0.7068965517241377
2024-04-25,BHARTIARTL,0.44677401923700355
2024-04-25,M&M,0.3638935865747346
2024-04-25,TRENT,1.0995337768928182
2024-04-26,BAJAJ-AUTO,0.7889742746364434
2024-04-26,BEL,0.7165948275862066
2024-04-26,BHARTIARTL,0.4330487409488808
2024-04-26,M&M,0.3301027709119275
2024-04-26,TRENT,1.0906463989121473
2024-04-29,BAJAJ-AUTO,0.7462747560525844
2024-04-29,BEL,0.6910919540229883
2024-04-29,BHARTIARTL,0.440019453150329
2024-04-29,M&M,0.34125796799791686
2024-04-29,TRENT,1.095138652809481
2024-04-30,BAJAJ-AUTO,0.7748906098934478
2024-04-30,BEL,0.6792385057471262
2024-04-30,BHARTIARTL,0.4290500378255693
2024-04-30,M&M,0.40259529075061584
2024-04-30,TRENT,1.1416638337137597
2024-05-02,BAJAJ-AUTO,0.8161548505417149
2024-05-02,BEL,0.6864224137931034
2024-05-02,BHARTIARTL,0.40932670485247935
2024-05-02,M&M,0.4213282164693619
2024-05-02,TRENT,1.2566655334855046
2024-05-03,BAJAJ-AUTO,0.8151481625452235
2024-05-03,BEL,0.6817528735632183
2024-05-03,BHARTIARTL,0.380525235058899
2024-05-03,M&M,0.42643423962533955
2024-05-03,TRENT,1.1969064154242153
2024-05-06,BAJAJ-AUTO,0.8045729549781191
2024-05-06,BEL,0.6655890804597699
2024-05-06,BHARTIARTL,0.3870096185021066
2024-05-06,M&M,0.4472160790945734
2024-05-06,TRENT,1.1898159390024778
2024-05-07,BAJAJ-AUTO,0.72988866628791
2024-05-07,BEL,0.6336206896551724
2024-05-07,BHARTIARTL,0.38998162758024346
2024-05-07,M&M,0.4254585664108217
2024-05-07,TRENT,1.1873391287455695
2024-05-08,BAJAJ-AUTO,0.7441417735649685
2024-05-08,BEL,0.6637931034482758
2024-05-08,BHARTIARTL,0.3926294174862195
2024-05-08,M&M,0.4195394822427456
2024-05-08,TRENT,1.1847409062211658
2024-05-09,BAJAJ-AUTO,0.7635678617348896
2024-05-09,BEL,0.625
2024-05-09,BHARTIARTL,0.37841781043985634
2024-05-09,M&M,0.43915051385455794
2024-05-09,TRENT,1.1407168180272942
2024-05-10,BAJAJ-AUTO,0.7904693558193514
2024-05-10,BEL,0.6314655172413794
2024-05-10,BHARTIARTL,0.40619258618826226
2024-05-10,M&M,0.4264667620658238
2024-05-10,TRENT,1.1715312515176541
2024-05-13,BAJAJ-AUTO,0.792562469475423
2024-05-13,BEL,0.6145833333333335
2024-05-13,BHARTIARTL,0.38976548146546963
2024-05-13,M&M,0.42074281254065116
2024-05-13,TRENT,1.1687630518187566
2024-05-14,BAJAJ-AUTO,0.8071046257811769
2024-05-14,BEL,0.6591235632183909
2024-05-14,BHARTIARTL,0.38798227601858737
2024-05-14,M&M,0.4764537530896298
2024-05-14,TRENT,1.2050167548929158
2024-05-15,BAJAJ-AUTO,0.774790937814587
2024-05-15,BEL,0.6727729885057474
2024-05-15,BHARTIARTL,0.4156489787096067
2024-05-15,M&M,0.4975282945232189
2024-05-15,TRENT,1.1985333398086557
2024-05-16,BAJAJ-AUTO,0.7685514656779167
2024-05-16,BEL,0.7090517241379313
2024-05-16,BHARTIARTL,0.45369069490975766
2024-05-16,M&M,0.5427019643554027
2024-05-16,TRENT,1.2323587975329042
2024-05-17,BAJAJ-AUTO,0.7503812457016386
2024-05-17,BEL,0.7830459770114944
2024-05-17,BHARTIARTL,0.45298822003674366
2024-05-17,M&M,0.6356185768180016
2024-05-17,TRENT,1.2507648972852237
2024-05-21,BAJAJ-AUTO,0.7583550120104823
2024-05-21,BEL,0.9694683908045976
2024-05-21,BHARTIARTL,0.45282611045066345
2024-05-21,M&M,0.6408546897359151
2024-05-21,TRENT,1.2666699043271352
2024-05-22,BAJAJ-AUTO,0.7553349480210072
2024-05-22,BEL,1.0373563218390807
2024-05-22,BHARTIARTL,0.45671674051658795
2024-05-22,M&M,0.6398139716404294
2024-05-22,TRENT,1.2567869457530008
2024-05-23,BAJAJ-AUTO,0.7868113905251688
2024-05-23,BEL,1.0725574712643677
2024-05-23,BHARTIARTL,0.48497784502323427
2024-05-23,M&M,0.6971510342136045
2024-05-23,TRENT,1.2818464377640737
2024-05-24,BAJAJ-AUTO,0.7837713921199221
2024-05-24,BEL,1.1350574712643677
2024-05-24,BHARTIARTL,0.5005944018156259
2024-05-24,M&M,0.6779953167685675
2024-05-24,TRENT,1.2900296245932705
2024-05-27,BAJAJ-AUTO,0.7938382720848374
2024-05-27,BEL,1.115301724137931
2024-05-27,BHARTIARTL,0.49610936993407395
2024-05-27,M&M,0.6580590607519159
2024-05-27,TRENT,1.2738089456558708
2024-05-28,BAJAJ-AUTO,0.7920541418732334
2024-05-28,BEL,1.0768678160919545
2024-05-28,BHARTIARTL,0.4817356533016306
2024-05-28,M&M,0.6604657213477272
2024-05-28,TRENT,1.2417075421300585
2024-05-29,BAJAJ-AUTO,0.8080913793618958
2024-05-29,BEL,1.0987787356321839
2024-05-29,BHARTIARTL,0.48827407327353156
2024-05-29,M&M,0.6480096266423805
2024-05-29,TRENT,1.2689767374095497
2024-05-30,BAJAJ-AUTO,0.78781807852166
2024-05-30,BEL,1.0880028735632186
2024-05-30,BHARTIARTL,0.4883281098022252
2024-05-30,M&M,0.6218941069337816
2024-05-30,TRENT,1.2589238016609219
2024-05-31,BAJAJ-AUTO,0.8109918368567375
2024-05-31,BEL,1.1260775862068968
2024-05-31,BHARTIARTL,0.48357289527720626
2024-05-31,M&M,0.6301873292571845
2024-05-31,TRENT,1.2141469574085781
2024-06-03,BAJAJ-AUTO,0.8609674171974167
2024-06-03,BEL,1.289152298850575
2024-06-03,BHARTIARTL,0.5034043013076828
2024-06-03,M&M,0.7132821646936354
2024-06-03,TRENT,1.2641930940702264
2024-06-04,BAJAJ-AUTO,0.8432855904075551
2024-06-04,BEL,0.8358477011494256
2024-06-04,BHARTIARTL,0.4046255268561538
2024-06-04,M&M,0.6735397424222682
2024-06-04,TRENT,1.2039483269389555
2024-06-05,BAJAJ-AUTO,0.9141524384774053
2024-06-05,BEL,0.8703304597701156
2024-06-05,BHARTIARTL,0.4528801469793571
2024-06-05,M&M,0.7828476648887694
2024-06-05,TRENT,1.3815259093778853
2024-06-06,BAJAJ-AUTO,0.9339273789233382
2024-06-06,BEL,0.9658764367816095
2024-06-06,BHARTIARTL,0.4812493245433904
2024-06-06,M&M,0.756114218810976
2024-06-06,TRENT,1.3692147054538406
2024-06-07,BAJAJ-AUTO,0.9387315731244161
2024-06-07,BEL,1.03448275862069
2024-06-07,BHARTIARTL,0.5403112504052732
2024-06-07,M&M,0.8586249512163353
2024-06-07,TRENT,1.411053372832793
2024-06-10,BAJAJ-AUTO,0.9402266543073245
2024-06-10,BEL,1.0359195402298855
2024-06-10,BHARTIARTL,0.5411758348643676
2024-06-10,M&M,0.8261675556133696
2024-06-10,TRENT,1.4134087708222052
2024-06-11,BAJAJ-AUTO,0.9561044164698103
2024-06-11,BEL,1.0560344827586214
2024-06-11,BHARTIARTL,0.542472711553009
2024-06-11,M&M,0.8443801222843728
2024-06-11,TRENT,1.3828857267738348
2024-06-12,BAJAJ-AUTO,0.9743543741091767
2024-06-12,BEL,1.0869252873563227
2024-06-12,BHARTIARTL,0.5545228574516363
2024-06-12,M&M,0.8131585794197962
2024-06-12,TRENT,1.4418678063231525
2024-06-13,BAJAJ-AUTO,0.9781718147295357
2024-06-13,BEL,1.1616379310344835
2024-06-13,BHARTIARTL,0.5408516156922067
2024-06-13,M&M,0.8613893586574699
2024-06-13,TRENT,1.439828080229228
2024-06-14,BAJAJ-AUTO,0.9858166631781398
2024-06-14,BEL,1.2241379310344835
2024-06-14,BHARTIARTL,0.5426348211390888
2024-06-14,M&M,0.9049043840249738
2024-06-14,TRENT,1.5474964790442445
2024-06-18,BAJAJ-AUTO,0.9771352251093861
2024-06-18,BEL,1.2862787356321843
2024-06-18,BHARTIARTL,0.5436615151842632
2024-06-18,M&M,0.9265643293872738
2024-06-18,TRENT,1.6019134573357312
2024-06-19,BAJAJ-AUTO,0.930807642855003
2024-06-19,BEL,1.22198275862069
2024-06-19,BHARTIARTL,0.5047552145250176
2024-06-19,M&M,0.9083192402757869
2024-06-19,TRENT,1.6015249380797454
2024-06-20,BAJAJ-AUTO,0.920082927169608
2024-06-20,BEL,1.2406609195402298
2024-06-20,BHARTIARTL,0.4926510320976969
2024-06-20,M&M,0.8675686223494177
2024-06-20,TRENT,1.5919819338545982
2024-06-21,BAJAJ-AUTO,0.9141524384774056
2024-06-21,BEL,1.1907327586206895
2024-06-21,BHARTIARTL,0.5303685291256877
2024-06-21,M&M,0.847242097046959
2024-06-21,TRENT,1.557597979699871
2024-06-24,BAJAJ-AUTO,0.9426586530315224
2024-06-24,BEL,1.225215517241379
2024-06-24,BHARTIARTL,0.5344212687776926
2024-06-24,M&M,0.896578639261087
2024-06-24,TRENT,1.6204409693555455
2024-06-25,BAJAJ-AUTO,0.9256545963779128
2024-06-25,BEL,1.2248563218390802
2024-06-25,BHARTIARTL,0.5291797254944333
2024-06-25,M&M,0.8924157668791435
2024-06-25,TRENT,1.5927832548200689
2024-06-26,BAJAJ-AUTO,0.8887161239521932
2024-06-26,BEL,1.204382183908046
2024-06-26,BHARTIARTL,0.5773262725602495
2024-06-26,M&M,0.8547547807987481
2024-06-26,TRENT,1.6049244815696198
2024-06-27,BAJAJ-AUTO,0.8773136381305466
2024-06-27,BEL,1.1875
2024-06-27,BHARTIARTL,0.5949421809142967
2024-06-27,M&M,0.8791140887212143
2024-06-27,TRENT,1.588023893934245
2024-06-28,BAJAJ-AUTO,0.8940984162106629
2024-06-28,BEL,1.1975574712643677
2024-06-28,BHARTIARTL,0.5606289851939898
2024-06-28,M&M,0.8646090802653801
2024-06-28,TRENT,1.6612840561410347
2024-07-01,BAJAJ-AUTO,0.9002282490605866
2024-07-01,BEL,1.2101293103448274
2024-07-01,BHARTIARTL,0.5713822544039757
2024-07-01,M&M,0.8705932093144235
2024-07-01,TRENT,1.678670292846391
2024-07-02,BAJAJ-AUTO,0.8740842627754648
2024-07-02,BEL,1.1989942528735633
2024-07-02,BHARTIARTL,0.5335026477899045
2024-07-02,M&M,0.8636334070508618
2024-07-02,TRENT,1.688504686513527
2024-07-03,BAJAJ-AUTO,0.878300391711266
2024-07-03,BEL,1.2593390804597702
2024-07-03,BHARTIARTL,0.5344753053063855
2024-07-03,M&M,0.8719591518147485
2024-07-03,TRENT,1.6682045553882783
2024-07-04,BAJAJ-AUTO,0.8859651745756423
2024-07-04,BEL,1.2798132183908044
2024-07-04,BHARTIARTL,0.5379336431427628
2024-07-04,M&M,0.8881228047352638
2024-07-04,TRENT,1.7183963867709213
2024-07-05,BAJAJ-AUTO,0.9208404349689481
2024-07-05,BEL,1.3279454022988504
2024-07-05,BHARTIARTL,0.5451205014589846
2024-07-05,M&M,0.873682841160397
2024-07-05,TRENT,1.729299208392018
2024-07-08,BAJAJ-AUTO,0.8996302165874235
2024-07-08,BEL,1.403735632183908
2024-07-08,BHARTIARTL,0.551010483086565
2024-07-08,M&M,0.8546572134772956
2024-07-08,TRENT,1.716842309746979
2024-07-09,BAJAJ-AUTO,0.9005671341287129
2024-07-09,BEL,1.4051724137931032
2024-07-09,BHARTIARTL,0.551442775316112
2024-07-09,M&M,0.9028879927149696
2024-07-09,TRENT,1.7161624010490044
2024-07-10,BAJAJ-AUTO,0.9022316578456842
2024-07-10,BEL,1.398347701149425
2024-07-10,BHARTIARTL,0.5617097157678574
2024-07-10,M&M,0.7770261480421454
2024-07-10,TRENT,1.7040940216599507
2024-07-11,BAJAJ-AUTO,0.8871512723140829
2024-07-11,BEL,1.4102011494252866
2024-07-11,BHARTIARTL,0.5540365286933953
2024-07-11,M&M,0.7549434109535544
2024-07-11,TRENT,1.7367539216162422
2024-07-12,BAJAJ-AUTO,0.8799649154282374
2024-07-12,BEL,1.3929597701149419
2024-07-12,BHARTIARTL,0.5489570949962159
2024-07-12,M&M,0.7587810589306583
2024-07-12,TRENT,1.7445243067359546
2024-07-15,BAJAJ-AUTO,0.9283258080913754
2024-07-15,BEL,1.3807471264367805
2024-07-15,BHARTIARTL,0.5536582729925412
2024-07-15,M&M,0.7764082216729504
2024-07-15,TRENT,1.7563255791365182
2024-07-16,BAJAJ-AUTO,0.9372962951888246
2024-07-16,BEL,1.343031609195401
2024-07-16,BHARTIARTL,0.5848913865773246
2024-07-16,M&M,0.7931247560816923
2024-07-16,TRENT,1.742605992909526
2024-07-18,BAJAJ-AUTO,0.9189267310548257
2024-07-18,BEL,1.252514367816091
2024-07-18,BHARTIARTL,0.60342591591916
2024-07-18,M&M,0.8339078964485451
2024-07-18,TRENT,1.5780680879996134
2024-07-19,BAJAJ-AUTO,0.8710542315781038
2024-07-19,BEL,1.2004310344827576
2024-07-19,BHARTIARTL,0.5797579163514521
2024-07-19,M&M,0.7882789124495861
2024-07-19,TRENT,1.5090330727016679
2024-07-22,BAJAJ-AUTO,0.8757687209082079
2024-07-22,BEL,1.2435344827586197
2024-07-22,BHARTIARTL,0.5837025829460702
2024-07-22,M&M,0.8243462989462687
2024-07-22,TRENT,1.5303287844203792
2024-07-23,BAJAJ-AUTO,0.8703465598181939
2024-07-23,BEL,1.1655890804597688
2024-07-23,BHARTIARTL,0.5840268021182307
2024-07-23,M&M,0.8351437491869349
2024-07-23,TRENT,1.5563595745714163
2024-07-24,BAJAJ-AUTO,0.8459667693289037
2024-07-24,BEL,1.1558908045976999
2024-07-24,BHARTIARTL,0.5726791310926174
2024-07-24,M&M,0.824834135553528
2024-07-24,TRENT,1.567553785634502
2024-07-25,BAJAJ-AUTO,0.8495649313757694
2024-07-25,BEL,1.1655890804597684
2024-07-25,BHARTIARTL,0.5661407111207164
2024-07-25,M&M,0.8286717835306323
2024-07-25,TRENT,1.578772279151087
2024-07-26,BAJAJ-AUTO,0.8923541548306027
2024-07-26,BEL,1.226293103448274
2024-07-26,BHARTIARTL,0.6366583810655992
2024-07-26,M&M,0.8783660725900835
2024-07-26,TRENT,1.6192754115875885
2024-07-29,BAJAJ-AUTO,0.9052616890430438
2024-07-29,BEL,1.3085488505747112
2024-07-29,BHARTIARTL,0.6009402355992639
2024-07-29,M&M,0.9077663587875595
2024-07-29,TRENT,1.6795201787188594
2024-07-30,BAJAJ-AUTO,0.9065972948997751
2024-07-30,BEL,1.2852011494252862
2024-07-30,BHARTIARTL,0.5890521992867166
2024-07-30,M&M,0.9006764667620617
2024-07-30,TRENT,1.7295905978340071
2024-07-31,BAJAJ-AUTO,0.9265018090482269
2024-07-31,BEL,1.2704741379310334
2024-07-31,BHARTIARTL,0.6119636874527168
2024-07-31,M&M,0.8913750487836567
2024-07-31,TRENT,1.8357049196250812
2024-08-01,BAJAJ-AUTO,0.9397183267051354
2024-08-01,BEL,1.2352729885057459
2024-08-01,BHARTIARTL,0.6270398789581744
2024-08-01,M&M,0.8397294132951698
2024-08-01,TRENT,1.8025836530523067
2024-08-02,BAJAJ-AUTO,0.9169332894776143
2024-08-02,BEL,1.1763649425287346
2024-08-02,BHARTIARTL,0.6143953312439194
2024-08-02,M&M,0.788506569532974
2024-08-02,TRENT,1.6896459618279853
2024-08-05,BAJAJ-AUTO,0.890789303192492
2024-08-05,BEL,1.0851293103448265
2024-08-05,BHARTIARTL,0.5840268021182307
2024-08-05,M&M,0.7425198386886915
2024-08-05,TRENT,1.5967170122869234
2024-08-06,BAJAJ-AUTO,0.8792971124998707
2024-08-06,BEL,1.0635775862068955
2024-08-06,BHARTIARTL,0.5600886199070558
2024-08-06,M&M,0.7125991934434723
2024-08-06,TRENT,1.5354280996551912
2024-08-07,BAJAJ-AUTO,0.9352729519879552
2024-08-07,BEL,1.156609195402298
2024-08-07,BHARTIARTL,0.5581433048740936
2024-08-07,M&M,0.7437556914270809
2024-08-07,TRENT,1.6576902530231674
2024-08-08,BAJAJ-AUTO,0.9219368278364135
2024-08-08,BEL,1.1426005747126426
2024-08-08,BHARTIARTL,0.5690046471414663
2024-08-08,M&M,0.745121633927406
2024-08-08,TRENT,1.7410519158855835
2024-08-09,BAJAJ-AUTO,0.9467850770963488
2024-08-09,BEL,1.170977011494252
2024-08-09,BHARTIARTL,0.582297633200042
2024-08-09,M&M,0.7881813451281345
2024-08-09,TRENT,2.047617891311741
2024-08-12,BAJAJ-AUTO,0.9358012140059164
2024-08-12,BEL,1.16522988505747
2024-08-12,BHARTIARTL,0.5763536150437683
2024-08-12,M&M,0.7676922076232562
2024-08-12,TRENT,2.0995823417998185
2024-08-13,BAJAJ-AUTO,0.9279769558153634
2024-08-13,BEL,1.1275143678160906
2024-08-13,BHARTIARTL,0.5775424186750229
2024-08-13,M&M,0.7679523871471279
2024-08-13,TRENT,2.09926666990433
2024-08-14,BAJAJ-AUTO,0.9435258001176092
2024-08-14,BEL,1.109913793103447
2024-08-14,BHARTIARTL,0.590511185561438
2024-08-14,M&M,0.7856445947703878
2024-08-14,TRENT,2.126778689718812
2024-08-16,BAJAJ-AUTO,0.9711449331698669
2024-08-16,BEL,1.1788793103448265
2024-08-16,BHARTIARTL,0.6033178428617729
2024-08-16,M&M,0.8475673214517976
2024-08-16,TRENT,2.1578845126511608
2024-08-19,BAJAJ-AUTO,0.9477219946376381
2024-08-19,BEL,1.1706178160919527
2024-08-19,BHARTIARTL,0.5882956878850087
2024-08-19,M&M,0.7985885260829935
2024-08-19,TRENT,2.248943713272792
2024-08-20,BAJAJ-AUTO,0.9495260592650141
2024-08-20,BEL,1.1778017241379297
2024-08-20,BHARTIARTL,0.566140711120716
2024-08-20,M&M,0.8025887862625172
2024-08-20,TRENT,2.2994512165509233
2024-08-21,BAJAJ-AUTO,0.9639386418682494
2024-08-21,BEL,1.1939655172413777
2024-08-21,BHARTIARTL,0.5815951583270274
2024-08-21,M&M,0.8013529335241276
2024-08-21,TRENT,2.2942547715021155
2024-08-22,BAJAJ-AUTO,0.9763378484785019
2024-08-22,BEL,1.1874999999999982
2024-08-22,BHARTIARTL,0.6063438884686028
2024-08-22,M&M,0.7776440744113395
2024-08-22,TRENT,2.3945898693604035
2024-08-23,BAJAJ-AUTO,1.0744650101167124
2024-08-23,BEL,1.198275862068964
2024-08-23,BHARTIARTL,0.6283907921755085
2024-08-23,M&M,0.7945882659034691
2024-08-23,TRENT,2.374653975037641
2024-08-26,BAJAJ-AUTO,1.0796678926332328
2024-08-26,BEL,1.2033045977011478
2024-08-26,BHARTIARTL,0.6357397600778105
2024-08-26,M&M,0.8167685703135119
2024-08-26,TRENT,2.3634111990675573
2024-08-27,BAJAJ-AUTO,1.093432606723875
2024-08-27,BEL,1.1616379310344813
2024-08-27,BHARTIARTL,0.6456824813573956
2024-08-27,M&M,0.8087680499544643
2024-08-27,TRENT,2.336360545869558
2024-08-28,BAJAJ-AUTO,1.1243608527943034
2024-08-28,BEL,1.1548132183908035
2024-08-28,BHARTIARTL,0.6819950286393581
2024-08-28,M&M,0.8199557694809376
2024-08-28,TRENT,2.5171191297168707
2024-08-29,BAJAJ-AUTO,1.154481755025961
2024-08-29,BEL,1.1278735632183898
2024-08-29,BHARTIARTL,0.692316005619797
2024-08-29,M&M,0.793677637569919
2024-08-29,TRENT,2.4824195036666543
2024-08-30,BAJAJ-AUTO,1.171166861027217
2024-08-30,BEL,1.1501436781609184
2024-08-30,BHARTIARTL,0.7173349184048396
2024-08-30,M&M,0.82476909067256
2024-08-30,TRENT,2.4766402797338682
2024-09-02,BAJAJ-AUTO,1.2179230332207007
2024-09-02,BEL,1.1329022988505733
2024-09-02,BHARTIARTL,0.6982059872473771
2024-09-02,M&M,0.8062963444776856
2024-09-02,TRENT,2.471516682045558
2024-09-03,BAJAJ-AUTO,1.2014871074165963
2024-09-03,BEL,1.1346982758620676
2024-09-03,BHARTIARTL,0.6865881335782968
2024-09-03,M&M,0.8114023676336632
2024-09-03,TRENT,2.420329270069452
2024-09-04,BAJAJ-AUTO,1.185549542006795
2024-09-04,BEL,1.147629310344826
2024-09-04,BHARTIARTL,0.6879930833243253
2024-09-04,M&M,0.78847404709249
2024-09-04,TRENT,2.467485794764707
2024-09-05,BAJAJ-AUTO,1.1640303401808025
2024-09-05,BEL,1.0876436781609184
2024-09-05,BHARTIARTL,0.6721063438884667
2024-09-05,M&M,0.771237153636005
2024-09-05,TRENT,2.4809625564567086
2024-09-06,BAJAJ-AUTO,1.1589171625352566
2024-09-06,BEL,1.0373563218390793
2024-09-06,BHARTIARTL,0.6635145358262164
2024-09-06,M&M,0.754975933394038
2024-09-06,TRENT,2.4498324510708605
2024-09-09,BAJAJ-AUTO,1.1624056852953757
2024-09-09,BEL,1.0226293103448265
2024-09-09,BHARTIARTL,0.6671890197773676
2024-09-09,M&M,0.7619682580980838
2024-09-09,TRENT,2.465907435287266
2024-09-10,BAJAJ-AUTO,1.1903437689999872
2024-09-10,BEL,1.0528017241379297
2024-09-10,BHARTIARTL,0.7052307359775187
2024-09-10,M&M,0.7497072980356407
2024-09-10,TRENT,2.4665387790782423
2024-09-11,BAJAJ-AUTO,1.2766597892932228
2024-09-11,BEL,1.069324712643677
2024-09-11,BHARTIARTL,0.7051766994488253
2024-09-11,M&M,0.726453753089628
2024-09-11,TRENT,2.4718323539410467
2024-09-12,BAJAJ-AUTO,1.337011233043285
2024-09-12,BEL,1.095545977011493
2024-09-12,BHARTIARTL,0.7796930725170195
2024-09-12,M&M,0.7828151424482854
2024-09-12,TRENT,2.5017726191054392
2024-09-13,BAJAJ-AUTO,1.339732280796178
2024-09-13,BEL,1.0829741379310334
2024-09-13,BHARTIARTL,0.7664000864584439
2024-09-13,M&M,0.7816443345908637
2024-09-13,TRENT,2.5127725705405317
2024-09-16,BAJAJ-AUTO,1.3300042858993888
2024-09-16,BEL,1.0862068965517229
2024-09-16,BHARTIARTL,0.767480817032312
2024-09-16,M&M,0.7935475478079836
2024-09-16,TRENT,2.554368413384493
2024-09-17,BAJAJ-AUTO,1.3822224880144303
2024-09-17,BEL,1.0423850574712632
2024-09-17,BHARTIARTL,0.7959040311250387
2024-09-17,M&M,0.8132236243007638
2024-09-17,TRENT,2.5954786071584715
2024-09-18,BAJAJ-AUTO,1.3452142451335085
2024-09-18,BEL,1.0319683908045967
2024-09-18,BHARTIARTL,0.7885010266940433
2024-09-18,M&M,0.8265903473396603
2024-09-18,TRENT,2.5627215773881837
2024-09-19,BAJAJ-AUTO,1.3658164638339843
2024-09-19,BEL,0.9590517241379297
2024-09-19,BHARTIARTL,0.799254295904029
2024-09-19,M&M,0.8196305450760986
2024-09-19,TRENT,2.5579379340488604
2024-09-20,BAJAJ-AUTO,1.380508128258029
2024-09-20,BEL,0.9924568965517231
2024-09-20,BHARTIARTL,0.8499405598184351
2024-09-20,M&M,0.9193768700403233
2024-09-20,TRENT,2.625443154776363
2024-09-23,BAJAJ-AUTO,1.4596975949127353
2024-09-23,BEL,1.0567528735632172
2024-09-23,BHARTIARTL,0.8917648330271242
2024-09-23,M&M,0.9837387797580286
2024-09-23,TRENT,2.702321402554518
2024-09-24,BAJAJ-AUTO,1.480568928226134
2024-09-24,BEL,1.0962643678160906
2024-09-24,BHARTIARTL,0.8984653625851056
2024-09-24,M&M,0.9996747755951563
2024-09-24,TRENT,2.701301539507556
2024-09-25,BAJAJ-AUTO,1.4713193593078753
2024-09-25,BEL,1.0822557471264354
2024-09-25,BHARTIARTL,0.9025181022371105
2024-09-25,M&M,1.0105697931572744
2024-09-25,TRENT,2.6981691030061716
2024-09-26,BAJAJ-AUTO,1.5160521883004896
2024-09-26,BEL,1.0869252873563204
2024-09-26,BHARTIARTL,0.9140819193774972
2024-09-26,M&M,1.069142708468839
2024-09-26,TRENT,2.8101112136370303
2024-09-27,BAJAJ-AUTO,1.5249728393585085
2024-09-27,BEL,1.1081178160919527
2024-09-27,BHARTIARTL,0.8746352534313178
2024-09-27,M&M,1.07080135293352
2024-09-27,TRENT,2.8044291195182405
2024-09-30,BAJAJ-AUTO,1.4610930040167829
2024-09-30,BEL,1.048132183908045
2024-09-30,BHARTIARTL,0.8475629525559261
2024-09-30,M&M,1.0130740210745377
2024-09-30,TRENT,2.678621727939395
2024-10-01,BAJAJ-AUTO,1.4235166302863562
2024-10-01,BEL,1.0398706896551713
2024-10-01,BHARTIARTL,0.8358370258294592
2024-10-01,M&M,1.0589957070378522
2024-10-01,TRENT,2.6971006750522113
2024-10-03,BAJAJ-AUTO,1.353546830926251
2024-10-03,BEL,1.0021551724137923
2024-10-03,BHARTIARTL,0.8085485788392937
2024-10-03,M&M,1.0358072069728075
2024-10-03,TRENT,2.6364916711184536
2024-10-04,BAJAJ-AUTO,1.3471578506712896
2024-10-04,BEL,0.9913793103448267
2024-10-04,BHARTIARTL,0.7733707986598926
2024-10-04,M&M,0.9626967607649242
2024-10-04,TRENT,2.5711233062988725
2024-10-07,BAJAJ-AUTO,1.3157910474538745
2024-10-07,BEL,0.9206178160919534
2024-10-07,BHARTIARTL,0.7962282502971991
2024-10-07,M&M,0.9905034473786873
2024-10-07,TRENT,2.617842746831144
2024-10-08,BAJAJ-AUTO,1.3700226255618992
2024-10-08,BEL,1.0132902298850568
2024-10-08,BHARTIARTL,0.7912568896574066
2024-10-08,M&M,1.0592233641212396
2024-10-08,TRENT,2.9055655383419983
2024-10-09,BAJAJ-AUTO,1.3558691903637015
2024-10-09,BEL,1.0287356321839072
2024-10-09,BHARTIARTL,0.8135739760077794
2024-10-09,M&M,1.0508650969168687
2024-10-09,TRENT,2.992448156961784
2024-10-10,BAJAJ-AUTO,1.3586400741560247
2024-10-10,BEL,1.0610632183908035
2024-10-10,BHARTIARTL,0.8135739760077794
2024-10-10,M&M,1.0777286327565982
2024-10-10,TRENT,2.899203535525234
2024-10-11,BAJAJ-AUTO,1.3676005940455882
2024-10-11,BEL,1.0538793103448265
2024-10-11,BHARTIARTL,0.8236247703447512
2024-10-11,M&M,1.0387342266163615
2024-10-11,TRENT,2.9992958088485313
2024-10-14,BAJAJ-AUTO,1.3720559359706543
2024-10-14,BEL,1.0524425287356314
2024-10-14,BHARTIARTL,0.832486761050468
2024-10-14,M&M,1.0521009496552587
2024-10-14,TRENT,2.978364333932306
2024-10-15,BAJAJ-AUTO,1.296743713183624
2024-10-15,BEL,1.0750718390804592
2024-10-15,BHARTIARTL,0.8558845779747091
2024-10-15,M&M,1.0526863535839697
2024-10-15,TRENT,2.9455344568015205
2024-10-16,BAJAJ-AUTO,1.3157711130381031
2024-10-16,BEL,1.0524425287356314
2024-10-16,BHARTIARTL,0.8739327785583038
2024-10-16,M&M,0.9955769480941816
2024-10-16,TRENT,2.790879510465743
2024-10-17,BAJAJ-AUTO,1.0172532368507596
2024-10-17,BEL,1.044181034482758
2024-10-17,BHARTIARTL,0.8384848157354357
2024-10-17,M&M,0.9283205411734063
2024-10-17,TRENT,2.7490408430867905
2024-10-18,BAJAJ-AUTO,1.0061896360972389
2024-10-18,BEL,1.062859195402298
2024-10-18,BHARTIARTL,0.8457257105803506
2024-10-18,M&M,0.9280928840900189
2024-10-18,TRENT,2.772546258073921
2024-10-21,BAJAJ-AUTO,1.0932133281503842
2024-10-21,BEL,1.0280172413793096
2024-10-21,BHARTIARTL,0.8291905328001714
2024-10-21,M&M,0.9501756211786099
2024-10-21,TRENT,2.6941139332718227
2024-10-22,BAJAJ-AUTO,1.066869997707541
2024-10-22,BEL,0.9515086206896544
2024-10-22,BHARTIARTL,0.828866313628011
2024-10-22,M&M,0.8779758033042766
2024-10-22,TRENT,2.641081054829785
2024-10-23,BAJAJ-AUTO,1.1104067617538287
2024-10-23,BEL,0.9299568965517233
2024-10-23,BHARTIARTL,0.8218956014265626
2024-10-23,M&M,0.8170287498373847
2024-10-23,TRENT,2.6478558593560346
2024-10-24,BAJAJ-AUTO,1.0537431849216068
2024-10-24,BEL,0.9493534482758617
2024-10-24,BHARTIARTL,0.8139522317086334
2024-10-24,M&M,0.8383959932353291
2024-10-24,TRENT,2.636540236025453
2024-10-25,BAJAJ-AUTO,1.034526408117293
2024-10-25,BEL,0.9565373563218387
2024-10-25,BHARTIARTL,0.8004971360639777
2024-10-25,M&M,0.7697736438142286
2024-10-25,TRENT,2.575081346219227
2024-10-28,BAJAJ-AUTO,0.9956841989853371
2024-10-28,BEL,0.9400143678160915
2024-10-28,BHARTIARTL,0.7976332000432276
2024-10-28,M&M,0.8088981397164012
2024-10-28,TRENT,2.54905055606819
2024-10-29,BAJAJ-AUTO,0.963709396086873
2024-10-29,BEL,1.0377155172413786
2024-10-29,BHARTIARTL,0.7692640224791942
2024-10-29,M&M,0.7867178353063584
2024-10-29,TRENT,2.598805303287849
2024-10-30,BAJAJ-AUTO,0.9816105014502274
2024-10-30,BEL,1.072916666666666
2024-10-30,BHARTIARTL,0.7652112828271893
2024-10-30,M&M,0.761220241966954
2024-10-30,TRENT,2.522145597591185
2024-10-31,BAJAJ-AUTO,0.9608089385920309
2024-10-31,BEL,1.0466954022988495
2024-10-31,BHARTIARTL,0.7427861234194297
2024-10-31,M&M,0.7747820996487547
2024-10-31,TRENT,2.4618765480064155
2024-11-01,BAJAJ-AUTO,0.9687129344456724
2024-11-01,BEL,1.0736350574712636
2024-11-01,BHARTIARTL,0.7469469361288215
2024-11-01,M&M,0.8327370885911247
2024-11-01,TRENT,2.471905201301544
2024-11-04,BAJAJ-AUTO,0.8988627415801995
2024-11-04,BEL,1.0413074712643673
2024-11-04,BHARTIARTL,0.7197125256673493
2024-11-04,M&M,0.8758618446728208
2024-11-04,TRENT,2.430503618085576
2024-11-05,BAJAJ-AUTO,0.9684936558721791
2024-11-05,BEL,1.057112068965517
2024-11-05,BHARTIARTL,0.7058251377931466
2024-11-05,M&M,0.8859438012228404
2024-11-05,TRENT,2.3841726968092902
2024-11-06,BAJAJ-AUTO,0.9975281324442566
2024-11-06,BEL,1.1684626436781609
2024-11-06,BHARTIARTL,0.7278720415000524
2024-11-06,M&M,0.9087745544425623
2024-11-06,TRENT,2.3779078238065217
2024-11-07,BAJAJ-AUTO,0.9648655922016547
2024-11-07,BEL,1.1576867816091956
2024-11-07,BHARTIARTL,0.7030152383010899
2024-11-07,M&M,0.8806751658644432
2024-11-07,TRENT,2.159390024768107
2024-11-08,BAJAJ-AUTO,0.9755803406791637
2024-11-08,BEL,1.1390086206896552
2024-11-08,BHARTIARTL,0.6966389279152694
2024-11-08,M&M,0.9350201639130966
2024-11-08,TRENT,2.059079209363318
2024-11-11,BAJAJ-AUTO,0.9773644708907676
2024-11-11,BEL,1.1533764367816093
2024-11-11,BHARTIARTL,0.6865340970496041
2024-11-11,M&M,0.9062052816443311
2024-11-11,TRENT,2.1473459278325517
2024-11-12,BAJAJ-AUTO,0.9293922993351855
2024-11-12,BEL,1.0844109195402298
2024-11-12,BHARTIARTL,0.6812385172376514
2024-11-12,M&M,0.8853583972941297
2024-11-12,TRENT,2.1705842358311926
2024-11-13,BAJAJ-AUTO,0.8842308804034706
2024-11-13,BEL,1.0226293103448278
2024-11-13,BHARTIARTL,0.6756187182535383
2024-11-13,M&M,0.8205736958501331
2024-11-13,TRENT,2.155869069010737
2024-11-14,BAJAJ-AUTO,0.8903706804612805
2024-11-14,BEL,1.0183189655172415
2024-11-14,BHARTIARTL,0.6756727547822317
2024-11-14,M&M,0.8259398985299822
2024-11-14,TRENT,2.1387499392938705
2024-11-18,BAJAJ-AUTO,0.8970586769528233
2024-11-18,BEL,0.9974856321839083
2024-11-18,BHARTIARTL,0.6610828920350147
2024-11-18,M&M,0.8517627162742256
2024-11-18,TRENT,2.0603904618522693
2024-11-19,BAJAJ-AUTO,0.9028795263582794
2024-11-19,BEL,1.0043103448275863
2024-11-19,BHARTIARTL,0.6486544904355334
2024-11-19,M&M,0.9181410173019344
2024-11-19,TRENT,2.119736778204074
2024-11-21,BAJAJ-AUTO,0.8947662191390306
2024-11-21,BEL,0.9788074712643677
2024-11-21,BHARTIARTL,0.6482762347346795
2024-11-21,M&M,0.9098803174190155
2024-11-21,TRENT,2.1375115341654163
2024-11-22,BAJAJ-AUTO,0.890111533056243
2024-11-22,BEL,1.017600574712644
2024-11-22,BHARTIARTL,0.6959904895709486
2024-11-22,M&M,0.9597697411213699
2024-11-22,TRENT,2.2309261327764602
