Stock_1,Stock_2,correlation
ADANIENT,ADANIPORTS,0.8734478602609174
ADANIENT,APOLLOHOSP,0.13582280761275597
ADANIENT,ASIANPAINT,0.287501548338739
ADANIENT,AXISBANK,0.29359840048999064
ADANIENT,BAJAJ-AUTO,0.20507675076978657
ADANIENT,BAJAJFINSV,0.36191064265988
ADANIENT,BAJFINANCE,0.33152954735979834
ADANIENT,BEL,0.5148232823678469
ADANIENT,BHARTIARTL,0.29147574596372633
ADANIENT,BPCL,0.45142881800130313
ADANIENT,BRITANNIA,0.12418767234765492
ADANIENT,CIPLA,0.11042006631011203
ADANIENT,COALINDIA,0.4849730070025515
ADANIENT,DRREDDY,0.16903189816342465
ADANIENT,EICHERMOT,0.3274892254308597
ADANIENT,GRASIM,0.3428251195288106
ADANIENT,HCLTECH,0.1418078355757377
ADANIENT,HDFCBANK,0.3316442001238576
ADANIENT,HDFCLIFE,0.21215306364329076
ADANIENT,HEROMOTOCO,0.21099065367853503
ADANIENT,HINDALCO,0.29963116726674266
ADANIENT,HINDUNILVR,0.002238963663789239
ADANIENT,ICICIBANK,0.39674834459787117
ADANIENT,INDUSINDBK,0.38373316800419227
ADANIENT,INFY,0.11597758462371043
ADANIENT,ITC,0.24300631923625285
ADANIENT,JSWSTEEL,0.4054159307644633
ADANIENT,KOTAKBANK,0.23689639166261436
ADANIENT,LT,0.48159705329457253
ADANIENT,M&M,0.3050975726573434
ADANIENT,MARUTI,0.3153609240813648
ADANIENT,NESTLEIND,0.12338197002170778
ADANIENT,NTPC,0.5472520057754245
ADANIENT,ONGC,0.4803892271699392
ADANIENT,POWERGRID,0.40549518549247304
ADANIENT,RELIANCE,0.48572375830020287
ADANIENT,SBILIFE,0.2808966645619448
ADANIENT,SBIN,0.5398149783971089
ADANIENT,SHRIRAMFIN,0.410554161066181
ADANIENT,SUNPHARMA,0.18092528201085362
ADANIENT,TATACONSUM,0.20602768524343373
ADANIENT,TATAMOTORS,0.32308378959067136
ADANIENT,TATASTEEL,0.4209662570632849
ADANIENT,TCS,0.12275567915520795
ADANIENT,TECHM,0.14033560540922027
ADANIENT,TITAN,0.28304974471821465
ADANIENT,TRENT,0.19131653553543274
ADANIENT,ULTRACEMCO,0.35936344934554154
ADANIENT,WIPRO,0.22476960632687762
ADANIPORTS,APOLLOHOSP,0.16784403202220993
ADANIPORTS,ASIANPAINT,0.27015970910687137
ADANIPORTS,AXISBANK,0.37544297043529795
ADANIPORTS,BAJAJ-AUTO,0.21096591110885837
ADANIPORTS,BAJAJFINSV,0.40823848356889963
ADANIPORTS,BAJFINANCE,0.39375577470528933
ADANIPORTS,BEL,0.5830875199476184
ADANIPORTS,BHARTIARTL,0.33097967434794356
ADANIPORTS,BPCL,0.4921760879936399
ADANIPORTS,BRITANNIA,0.12306458513060287
ADANIPORTS,CIPLA,0.1174349075516026
ADANIPORTS,COALINDIA,0.5319511175737008
ADANIPORTS,DRREDDY,0.17021442054623975
ADANIPORTS,EICHERMOT,0.2621978189034578
ADANIPORTS,GRASIM,0.3543090834582636
ADANIPORTS,HCLTECH,0.15691673781603713
ADANIPORTS,HDFCBANK,0.365255751667252
ADANIPORTS,HDFCLIFE,0.2437390285805984
ADANIPORTS,HEROMOTOCO,0.2082745993650671
ADANIPORTS,HINDALCO,0.333015781070222
ADANIPORTS,HINDUNILVR,0.009134794393825925
ADANIPORTS,ICICIBANK,0.44668361201018913
ADANIPORTS,INDUSINDBK,0.4141557986870895
ADANIPORTS,INFY,0.1499203137703513
ADANIPORTS,ITC,0.2706335656789538
ADANIPORTS,JSWSTEEL,0.43357960693178693
ADANIPORTS,KOTAKBANK,0.29467820312763027
ADANIPORTS,LT,0.5134125511405139
ADANIPORTS,M&M,0.32096462488131905
ADANIPORTS,MARUTI,0.30203628348065575
ADANIPORTS,NESTLEIND,0.10122539199639091
ADANIPORTS,NTPC,0.6156731244881408
ADANIPORTS,ONGC,0.5181729390959673
ADANIPORTS,POWERGRID,0.5183363007828216
ADANIPORTS,RELIANCE,0.5132038452115862
ADANIPORTS,SBILIFE,0.2710425918619269
ADANIPORTS,SBIN,0.5737074223370094
ADANIPORTS,SHRIRAMFIN,0.4716987310155673
ADANIPORTS,SUNPHARMA,0.23895174466199215
ADANIPORTS,TATACONSUM,0.22528615341577002
ADANIPORTS,TATAMOTORS,0.34010816627756035
ADANIPORTS,TATASTEEL,0.46603151146200594
ADANIPORTS,TCS,0.14406909781953509
ADANIPORTS,TECHM,0.14713423397576267
ADANIPORTS,TITAN,0.2963613438342313
ADANIPORTS,TRENT,0.20359980890434085
ADANIPORTS,ULTRACEMCO,0.4004282600505766
ADANIPORTS,WIPRO,0.24172058328519075
APOLLOHOSP,ASIANPAINT,0.24986699962025513
APOLLOHOSP,AXISBANK,0.17989978278836077
APOLLOHOSP,BAJAJ-AUTO,0.22465156804479866
APOLLOHOSP,BAJAJFINSV,0.2504490197497704
APOLLOHOSP,BAJFINANCE,0.22056741928774706
APOLLOHOSP,BEL,0.2186770438853258
APOLLOHOSP,BHARTIARTL,0.23891387749766863
APOLLOHOSP,BPCL,0.1748893746125551
APOLLOHOSP,BRITANNIA,0.2289693919380707
APOLLOHOSP,CIPLA,0.23434577285187297
APOLLOHOSP,COALINDIA,0.2413321034321621
APOLLOHOSP,DRREDDY,0.2346716707193581
APOLLOHOSP,EICHERMOT,0.282308380268313
APOLLOHOSP,GRASIM,0.25742167230427787
APOLLOHOSP,HCLTECH,0.2743695274264902
APOLLOHOSP,HDFCBANK,0.10753969866931022
APOLLOHOSP,HDFCLIFE,0.13962644971403404
APOLLOHOSP,HEROMOTOCO,0.24500893292949769
APOLLOHOSP,HINDALCO,0.05931128232054727
APOLLOHOSP,HINDUNILVR,0.09669886749648483
APOLLOHOSP,ICICIBANK,0.16778280554993819
APOLLOHOSP,INDUSINDBK,0.12372086243967736
APOLLOHOSP,INFY,0.11694375050842744
APOLLOHOSP,ITC,0.16732064961261744
APOLLOHOSP,JSWSTEEL,0.27111571750336383
APOLLOHOSP,KOTAKBANK,0.14218475880228704
APOLLOHOSP,LT,0.23160287483687625
APOLLOHOSP,M&M,0.2472007435469434
APOLLOHOSP,MARUTI,0.19355152240850634
APOLLOHOSP,NESTLEIND,0.22354271129065623
APOLLOHOSP,NTPC,0.19704645140157875
APOLLOHOSP,ONGC,0.1720026831316219
APOLLOHOSP,POWERGRID,0.18165046242992858
APOLLOHOSP,RELIANCE,0.23273233301896432
APOLLOHOSP,SBILIFE,0.15443100649951663
APOLLOHOSP,SBIN,0.17929613585382384
APOLLOHOSP,SHRIRAMFIN,0.2900658382228251
APOLLOHOSP,SUNPHARMA,0.2938264480727831
APOLLOHOSP,TATACONSUM,0.09323317064047677
APOLLOHOSP,TATAMOTORS,0.207240663904966
APOLLOHOSP,TATASTEEL,0.24360288024714602
APOLLOHOSP,TCS,0.10172734236275245
APOLLOHOSP,TECHM,0.1681872171620243
APOLLOHOSP,TITAN,0.2496621805105304
APOLLOHOSP,TRENT,0.08810243274434695
APOLLOHOSP,ULTRACEMCO,0.26935854944216775
APOLLOHOSP,WIPRO,0.21796655205796733
ASIANPAINT,AXISBANK,0.12917382361396126
ASIANPAINT,BAJAJ-AUTO,0.17147774313220476
ASIANPAINT,BAJAJFINSV,0.25397504132816623
ASIANPAINT,BAJFINANCE,0.29991910374907993
ASIANPAINT,BEL,0.16547476272665576
ASIANPAINT,BHARTIARTL,0.14190099362942682
ASIANPAINT,BPCL,0.22136989117191952
ASIANPAINT,BRITANNIA,0.4269072884707715
ASIANPAINT,CIPLA,0.14172192789134289
ASIANPAINT,COALINDIA,0.1945012180252485
ASIANPAINT,DRREDDY,0.15160163396422274
ASIANPAINT,EICHERMOT,0.2573790152265608
ASIANPAINT,GRASIM,0.34528745587142773
ASIANPAINT,HCLTECH,0.1267548604368626
ASIANPAINT,HDFCBANK,0.26633388289726
ASIANPAINT,HDFCLIFE,0.21637433890525007
ASIANPAINT,HEROMOTOCO,0.17713023776847625
ASIANPAINT,HINDALCO,0.21634808634411137
ASIANPAINT,HINDUNILVR,0.2884767998013029
ASIANPAINT,ICICIBANK,0.1477616911614189
ASIANPAINT,INDUSINDBK,0.1928095247268754
ASIANPAINT,INFY,0.10354588966039724
ASIANPAINT,ITC,0.2785582586903159
ASIANPAINT,JSWSTEEL,0.3372167900667679
ASIANPAINT,KOTAKBANK,0.17107655872805097
ASIANPAINT,LT,0.22574178251082783
ASIANPAINT,M&M,0.14776377769770138
ASIANPAINT,MARUTI,0.26311733656766534
ASIANPAINT,NESTLEIND,0.2972369847960899
ASIANPAINT,NTPC,0.22860834533686206
ASIANPAINT,ONGC,0.1353820000011949
ASIANPAINT,POWERGRID,0.11359872106068085
ASIANPAINT,RELIANCE,0.3007941514137405
ASIANPAINT,SBILIFE,0.22171430690060273
ASIANPAINT,SBIN,0.11116289546908423
ASIANPAINT,SHRIRAMFIN,0.20241064173113457
ASIANPAINT,SUNPHARMA,0.2009766095224184
ASIANPAINT,TATACONSUM,0.2477115446768309
ASIANPAINT,TATAMOTORS,0.11065684005052347
ASIANPAINT,TATASTEEL,0.2883437831719686
ASIANPAINT,TCS,0.1760600340881136
ASIANPAINT,TECHM,0.16554303449194874
ASIANPAINT,TITAN,0.30943017187474414
ASIANPAINT,TRENT,0.2274523585434787
ASIANPAINT,ULTRACEMCO,0.28343148817093133
ASIANPAINT,WIPRO,0.14674224898066876
AXISBANK,BAJAJ-AUTO,0.199652614683632
AXISBANK,BAJAJFINSV,0.3995551868647692
AXISBANK,BAJFINANCE,0.35359417860830905
AXISBANK,BEL,0.3210374601763023
AXISBANK,BHARTIARTL,0.24150789352705815
AXISBANK,BPCL,0.22080340706666576
AXISBANK,BRITANNIA,0.12817259824118948
AXISBANK,CIPLA,0.0952392893140265
AXISBANK,COALINDIA,0.3215545196980272
AXISBANK,DRREDDY,0.09478377884334031
AXISBANK,EICHERMOT,0.28641047072663445
AXISBANK,GRASIM,0.36590661419655623
AXISBANK,HCLTECH,0.1131493013181921
AXISBANK,HDFCBANK,0.42205126812068056
AXISBANK,HDFCLIFE,0.25221001110009855
AXISBANK,HEROMOTOCO,0.17417028227303905
AXISBANK,HINDALCO,0.22492370060996295
AXISBANK,HINDUNILVR,0.025347678433948424
AXISBANK,ICICIBANK,0.6312294012129903
AXISBANK,INDUSINDBK,0.33926489242034236
AXISBANK,INFY,0.08863274528463916
AXISBANK,ITC,0.2779861460403906
AXISBANK,JSWSTEEL,0.3775391312817736
AXISBANK,KOTAKBANK,0.2818890487404678
AXISBANK,LT,0.3526976490706816
AXISBANK,M&M,0.2412662585404819
AXISBANK,MARUTI,0.2616354021330038
AXISBANK,NESTLEIND,0.10405202063899488
AXISBANK,NTPC,0.39381048998832835
AXISBANK,ONGC,0.31118305662297113
AXISBANK,POWERGRID,0.2905296640819641
AXISBANK,RELIANCE,0.4248151096744547
AXISBANK,SBILIFE,0.18092391178617723
AXISBANK,SBIN,0.5148068264221025
AXISBANK,SHRIRAMFIN,0.4496669142985691
AXISBANK,SUNPHARMA,0.15144491993542952
AXISBANK,TATACONSUM,0.1447247301856786
AXISBANK,TATAMOTORS,0.23374600226930434
AXISBANK,TATASTEEL,0.3771357174346877
AXISBANK,TCS,0.10467990447275108
AXISBANK,TECHM,0.13714522957705108
AXISBANK,TITAN,0.14820974471513423
AXISBANK,TRENT,0.20141259504796502
AXISBANK,ULTRACEMCO,0.39960225177870695
AXISBANK,WIPRO,0.21244123049830735
BAJAJ-AUTO,BAJAJFINSV,0.2362512251204296
BAJAJ-AUTO,BAJFINANCE,0.17982691254021338
BAJAJ-AUTO,BEL,0.23608290157852485
BAJAJ-AUTO,BHARTIARTL,0.2595014171004946
BAJAJ-AUTO,BPCL,0.2198977777387709
BAJAJ-AUTO,BRITANNIA,0.09819081849138689
BAJAJ-AUTO,CIPLA,0.04161147862018996
BAJAJ-AUTO,COALINDIA,0.23717486050786252
BAJAJ-AUTO,DRREDDY,0.10525626238215209
BAJAJ-AUTO,EICHERMOT,0.27990963364832694
BAJAJ-AUTO,GRASIM,0.19963788008411484
BAJAJ-AUTO,HCLTECH,0.12540866333868134
BAJAJ-AUTO,HDFCBANK,0.1845496857416636
BAJAJ-AUTO,HDFCLIFE,0.1925744369475176
BAJAJ-AUTO,HEROMOTOCO,0.4094316615897729
BAJAJ-AUTO,HINDALCO,0.22300980796296482
BAJAJ-AUTO,HINDUNILVR,0.1241453133471844
BAJAJ-AUTO,ICICIBANK,0.10360078455232533
BAJAJ-AUTO,INDUSINDBK,0.20816367446570386
BAJAJ-AUTO,INFY,-0.005445598757103715
BAJAJ-AUTO,ITC,0.14286142859108925
BAJAJ-AUTO,JSWSTEEL,0.23179075072812932
BAJAJ-AUTO,KOTAKBANK,0.08304397023602297
BAJAJ-AUTO,LT,0.17811366727081968
BAJAJ-AUTO,M&M,0.27106069617467143
BAJAJ-AUTO,MARUTI,0.3399011785997294
BAJAJ-AUTO,NESTLEIND,0.1780326968803206
BAJAJ-AUTO,NTPC,0.20353579632454494
BAJAJ-AUTO,ONGC,0.19092157167819174
BAJAJ-AUTO,POWERGRID,0.16815581301947927
BAJAJ-AUTO,RELIANCE,0.24683407529935264
BAJAJ-AUTO,SBILIFE,0.19191330562590733
BAJAJ-AUTO,SBIN,0.15955233719937384
BAJAJ-AUTO,SHRIRAMFIN,0.30214689290745744
BAJAJ-AUTO,SUNPHARMA,0.14493842401506102
BAJAJ-AUTO,TATACONSUM,0.18680795925936283
BAJAJ-AUTO,TATAMOTORS,0.29826344837909763
BAJAJ-AUTO,TATASTEEL,0.2959926583178737
BAJAJ-AUTO,TCS,0.016634633351842846
BAJAJ-AUTO,TECHM,0.03827152764704707
BAJAJ-AUTO,TITAN,0.20099317975904207
BAJAJ-AUTO,TRENT,0.22608526446357896
BAJAJ-AUTO,ULTRACEMCO,0.261875721174765
BAJAJ-AUTO,WIPRO,0.10430339879688728
BAJAJFINSV,BAJFINANCE,0.7544982808033162
BAJAJFINSV,BEL,0.3436764519287092
BAJAJFINSV,BHARTIARTL,0.2508125169071529
BAJAJFINSV,BPCL,0.3514339881278582
BAJAJFINSV,BRITANNIA,0.23249311688999824
BAJAJFINSV,CIPLA,0.12498463610641153
BAJAJFINSV,COALINDIA,0.28939356230808894
BAJAJFINSV,DRREDDY,0.25528642107629484
BAJAJFINSV,EICHERMOT,0.2452975963392098
BAJAJFINSV,GRASIM,0.4379522198264476
BAJAJFINSV,HCLTECH,0.26928352318304727
BAJAJFINSV,HDFCBANK,0.327615799921105
BAJAJFINSV,HDFCLIFE,0.35075139734080857
BAJAJFINSV,HEROMOTOCO,0.23473753563300462
BAJAJFINSV,HINDALCO,0.30230565992663183
BAJAJFINSV,HINDUNILVR,0.14323178824402605
BAJAJFINSV,ICICIBANK,0.40845672732367877
BAJAJFINSV,INDUSINDBK,0.42813479907761653
BAJAJFINSV,INFY,0.2417985486283944
BAJAJFINSV,ITC,0.3085872333227975
BAJAJFINSV,JSWSTEEL,0.45914070555229924
BAJAJFINSV,KOTAKBANK,0.2771958872802045
BAJAJFINSV,LT,0.40286683131006773
BAJAJFINSV,M&M,0.3390028118740606
BAJAJFINSV,MARUTI,0.3302027229976997
BAJAJFINSV,NESTLEIND,0.27473422778470086
BAJAJFINSV,NTPC,0.39293049696365323
BAJAJFINSV,ONGC,0.31181350216522147
BAJAJFINSV,POWERGRID,0.30466526926316756
BAJAJFINSV,RELIANCE,0.41000599414336214
BAJAJFINSV,SBILIFE,0.4170916270711769
BAJAJFINSV,SBIN,0.42852200526837014
BAJAJFINSV,SHRIRAMFIN,0.47004526737867075
BAJAJFINSV,SUNPHARMA,0.20392057659135326
BAJAJFINSV,TATACONSUM,0.30540654478465945
BAJAJFINSV,TATAMOTORS,0.28394654673166125
BAJAJFINSV,TATASTEEL,0.4663731198803511
BAJAJFINSV,TCS,0.23455367433202637
BAJAJFINSV,TECHM,0.20691598493292598
BAJAJFINSV,TITAN,0.33148699688505645
BAJAJFINSV,TRENT,0.2019357862965248
BAJAJFINSV,ULTRACEMCO,0.465124041945545
BAJAJFINSV,WIPRO,0.3086632500997603
BAJFINANCE,BEL,0.309815115636635
BAJFINANCE,BHARTIARTL,0.2906532260339274
BAJFINANCE,BPCL,0.27329150079167575
BAJFINANCE,BRITANNIA,0.20640944935471628
BAJFINANCE,CIPLA,0.056091897893428215
BAJFINANCE,COALINDIA,0.26921026235222467
BAJFINANCE,DRREDDY,0.09073138986241859
BAJFINANCE,EICHERMOT,0.18789080558292623
BAJFINANCE,GRASIM,0.36840703111775763
BAJFINANCE,HCLTECH,0.1895740211839568
BAJFINANCE,HDFCBANK,0.33000004780484893
BAJFINANCE,HDFCLIFE,0.31176373444013583
BAJFINANCE,HEROMOTOCO,0.17056517974768726
BAJFINANCE,HINDALCO,0.25349149674766935
BAJFINANCE,HINDUNILVR,0.14488272658320864
BAJFINANCE,ICICIBANK,0.34131769895632763
BAJFINANCE,INDUSINDBK,0.40935083369481007
BAJFINANCE,INFY,0.19740847467399447
BAJFINANCE,ITC,0.3071296125809259
BAJFINANCE,JSWSTEEL,0.3994015459613848
BAJFINANCE,KOTAKBANK,0.30517446496089495
BAJFINANCE,LT,0.379482850656999
BAJFINANCE,M&M,0.27377895802768926
BAJFINANCE,MARUTI,0.2829356030034546
BAJFINANCE,NESTLEIND,0.25477908655149495
BAJFINANCE,NTPC,0.32903590047488723
BAJFINANCE,ONGC,0.317073098003346
BAJFINANCE,POWERGRID,0.241854835890301
BAJFINANCE,RELIANCE,0.41570103674383896
BAJFINANCE,SBILIFE,0.33538644696758235
BAJFINANCE,SBIN,0.3972254247207225
BAJFINANCE,SHRIRAMFIN,0.4611388278346313
BAJFINANCE,SUNPHARMA,0.14053775096030743
BAJFINANCE,TATACONSUM,0.240507507683789
BAJFINANCE,TATAMOTORS,0.21497451933894696
BAJFINANCE,TATASTEEL,0.38476783455350244
BAJFINANCE,TCS,0.18383905370098794
BAJFINANCE,TECHM,0.17466652220332307
BAJFINANCE,TITAN,0.27055841582069123
BAJFINANCE,TRENT,0.23115368197533237
BAJFINANCE,ULTRACEMCO,0.4370499463145284
BAJFINANCE,WIPRO,0.2428329928961001
BEL,BHARTIARTL,0.3083448874738545
BEL,BPCL,0.5032416983008244
BEL,BRITANNIA,0.07626407082239137
BEL,CIPLA,0.10419366769175861
BEL,COALINDIA,0.6233318355263762
BEL,DRREDDY,0.13386262799245877
BEL,EICHERMOT,0.2779419460378345
BEL,GRASIM,0.3346814696467387
BEL,HCLTECH,0.22807333681008202
BEL,HDFCBANK,0.3210912674649106
BEL,HDFCLIFE,0.24373076279505967
BEL,HEROMOTOCO,0.08751196764626713
BEL,HINDALCO,0.3877240992562228
BEL,HINDUNILVR,-0.045532600570833075
BEL,ICICIBANK,0.3016154488909573
BEL,INDUSINDBK,0.30074238349540305
BEL,INFY,0.16321702997501145
BEL,ITC,0.22640979138448322
BEL,JSWSTEEL,0.4614870765691899
BEL,KOTAKBANK,0.2552796933306282
BEL,LT,0.5815491424757792
BEL,M&M,0.3650442987257317
BEL,MARUTI,0.2149876149003127
BEL,NESTLEIND,0.07818538900923241
BEL,NTPC,0.60604376739071
BEL,ONGC,0.5646676915035319
BEL,POWERGRID,0.5496343065160267
BEL,RELIANCE,0.4860660249921976
BEL,SBILIFE,0.2007604206277992
BEL,SBIN,0.5746142851596704
BEL,SHRIRAMFIN,0.4681976418280596
BEL,SUNPHARMA,0.17161548322525888
BEL,TATACONSUM,0.176477834496509
BEL,TATAMOTORS,0.36586842800805214
BEL,TATASTEEL,0.5325144601704517
BEL,TCS,0.12725279035167858
BEL,TECHM,0.22498841961363372
BEL,TITAN,0.1686156758827605
BEL,TRENT,0.2628813683131606
BEL,ULTRACEMCO,0.4214074812552836
BEL,WIPRO,0.25647887355966237
BHARTIARTL,BPCL,0.26894436703118324
BHARTIARTL,BRITANNIA,0.1254661806948724
BHARTIARTL,CIPLA,0.1157472318446922
BHARTIARTL,COALINDIA,0.2866476196705075
BHARTIARTL,DRREDDY,0.17419974581121336
BHARTIARTL,EICHERMOT,0.29399102022251783
BHARTIARTL,GRASIM,0.2966527093905304
BHARTIARTL,HCLTECH,0.24908655469312682
BHARTIARTL,HDFCBANK,0.21511670661214244
BHARTIARTL,HDFCLIFE,0.20786685550352835
BHARTIARTL,HEROMOTOCO,0.18382560845582605
BHARTIARTL,HINDALCO,0.29901354137954805
BHARTIARTL,HINDUNILVR,0.13094882687490667
BHARTIARTL,ICICIBANK,0.3702265448049861
BHARTIARTL,INDUSINDBK,0.22429544720987535
BHARTIARTL,INFY,0.28432430884194526
BHARTIARTL,ITC,0.25564033453017826
BHARTIARTL,JSWSTEEL,0.3658270445212622
BHARTIARTL,KOTAKBANK,0.33434933210427664
BHARTIARTL,LT,0.32241280533843136
BHARTIARTL,M&M,0.2828224128002303
BHARTIARTL,MARUTI,0.343578399613817
BHARTIARTL,NESTLEIND,0.0953655499219985
BHARTIARTL,NTPC,0.36783107898007267
BHARTIARTL,ONGC,0.3474088013773094
BHARTIARTL,POWERGRID,0.3147174413603789
BHARTIARTL,RELIANCE,0.3612296462793796
BHARTIARTL,SBILIFE,0.2418487144227503
BHARTIARTL,SBIN,0.2945774878639633
BHARTIARTL,SHRIRAMFIN,0.3605244257320872
BHARTIARTL,SUNPHARMA,0.26819702628304265
BHARTIARTL,TATACONSUM,0.24349605313751824
BHARTIARTL,TATAMOTORS,0.2668532050228884
BHARTIARTL,TATASTEEL,0.30769945830199597
BHARTIARTL,TCS,0.1794358132948208
BHARTIARTL,TECHM,0.27133018227730177
BHARTIARTL,TITAN,0.2716750022722411
BHARTIARTL,TRENT,0.24683624803233187
BHARTIARTL,ULTRACEMCO,0.34718827944098113
BHARTIARTL,WIPRO,0.2518156069688366
BPCL,BRITANNIA,0.01597213325482835
BPCL,CIPLA,0.07588854715661648
BPCL,COALINDIA,0.5958415831097511
BPCL,DRREDDY,0.18706885864521317
BPCL,EICHERMOT,0.2460831624434963
BPCL,GRASIM,0.34756069012049823
BPCL,HCLTECH,0.14662801707159367
BPCL,HDFCBANK,0.23196946166926033
BPCL,HDFCLIFE,0.18318834735477948
BPCL,HEROMOTOCO,0.23422577945455098
BPCL,HINDALCO,0.34657595527952917
BPCL,HINDUNILVR,0.017921280232086723
BPCL,ICICIBANK,0.22247248823002905
BPCL,INDUSINDBK,0.3581146191809261
BPCL,INFY,0.13035517713417072
BPCL,ITC,0.18628116533786834
BPCL,JSWSTEEL,0.37109871305346964
BPCL,KOTAKBANK,0.14467257811836998
BPCL,LT,0.47179060435880044
BPCL,M&M,0.2831511858519844
BPCL,MARUTI,0.2891426092525735
BPCL,NESTLEIND,0.07351018146326063
BPCL,NTPC,0.5921514480494086
BPCL,ONGC,0.5962001957046087
BPCL,POWERGRID,0.5305561042378243
BPCL,RELIANCE,0.4838213127189764
BPCL,SBILIFE,0.23963206211659258
BPCL,SBIN,0.5254661404800646
BPCL,SHRIRAMFIN,0.3871940643332816
BPCL,SUNPHARMA,0.2120296754110465
BPCL,TATACONSUM,0.1621817634479343
BPCL,TATAMOTORS,0.42121349383616563
BPCL,TATASTEEL,0.47305044873806024
BPCL,TCS,0.1889833150477281
BPCL,TECHM,0.2030885534694718
BPCL,TITAN,0.27798650232547584
BPCL,TRENT,0.21471603159812097
BPCL,ULTRACEMCO,0.40195018589706755
BPCL,WIPRO,0.21917447719170344
BRITANNIA,CIPLA,0.16118672437891815
BRITANNIA,COALINDIA,0.06249086705166791
BRITANNIA,DRREDDY,0.18817696770102116
BRITANNIA,EICHERMOT,0.10329635764925306
BRITANNIA,GRASIM,0.22039635114937622
BRITANNIA,HCLTECH,0.12381371280635128
BRITANNIA,HDFCBANK,0.06494902789275381
BRITANNIA,HDFCLIFE,-0.0011092523139435292
BRITANNIA,HEROMOTOCO,0.181650557139818
BRITANNIA,HINDALCO,0.10043369805757985
BRITANNIA,HINDUNILVR,0.46901545159041813
BRITANNIA,ICICIBANK,0.044920203775096285
BRITANNIA,INDUSINDBK,0.11833949032718233
BRITANNIA,INFY,0.11028269723336728
BRITANNIA,ITC,0.37604450981985693
BRITANNIA,JSWSTEEL,0.19309107206841186
BRITANNIA,KOTAKBANK,0.21638744334940252
BRITANNIA,LT,0.09157959972956549
BRITANNIA,M&M,0.13239923107310433
BRITANNIA,MARUTI,0.17630183310325362
BRITANNIA,NESTLEIND,0.4839470807818414
BRITANNIA,NTPC,0.08022310448938345
BRITANNIA,ONGC,0.03580285359991378
BRITANNIA,POWERGRID,-0.02471904933140118
BRITANNIA,RELIANCE,0.13943278214009153
BRITANNIA,SBILIFE,0.08503298307886797
BRITANNIA,SBIN,-0.00654712627160875
BRITANNIA,SHRIRAMFIN,0.11593395889714365
BRITANNIA,SUNPHARMA,0.2011848368963166
BRITANNIA,TATACONSUM,0.4079474440436299
BRITANNIA,TATAMOTORS,0.10865192085640775
BRITANNIA,TATASTEEL,0.1115275802331003
BRITANNIA,TCS,0.12902061137485432
BRITANNIA,TECHM,0.13046285739972682
BRITANNIA,TITAN,0.07625061765263248
BRITANNIA,TRENT,0.03488126927763027
BRITANNIA,ULTRACEMCO,0.1840999710365778
BRITANNIA,WIPRO,0.17230736663375018
CIPLA,COALINDIA,0.12474712530941863
CIPLA,DRREDDY,0.40835085052793646
CIPLA,EICHERMOT,0.08094784655843104
CIPLA,GRASIM,0.17248389762094718
CIPLA,HCLTECH,0.041596880281016636
CIPLA,HDFCBANK,-0.021238085143110142
CIPLA,HDFCLIFE,0.08076103398594692
CIPLA,HEROMOTOCO,0.14847872370339082
CIPLA,HINDALCO,0.11189839883970765
CIPLA,HINDUNILVR,0.003243460466816384
CIPLA,ICICIBANK,0.09051711206733967
CIPLA,INDUSINDBK,0.04180415155409469
CIPLA,INFY,0.054734404165856156
CIPLA,ITC,0.1214558767224225
CIPLA,JSWSTEEL,0.14905759652306588
CIPLA,KOTAKBANK,0.06468856632650145
CIPLA,LT,0.15983631391009467
CIPLA,M&M,0.15906761267720668
CIPLA,MARUTI,0.07294341362434195
CIPLA,NESTLEIND,0.11213700243581311
CIPLA,NTPC,0.0992778911643289
CIPLA,ONGC,0.0415251300357165
CIPLA,POWERGRID,0.14394042149070022
CIPLA,RELIANCE,0.05369552000465499
CIPLA,SBILIFE,0.13632648284394533
CIPLA,SBIN,0.03893819999403941
CIPLA,SHRIRAMFIN,0.09790475905546264
CIPLA,SUNPHARMA,0.40611583391547335
CIPLA,TATACONSUM,0.06299977021375004
CIPLA,TATAMOTORS,0.06883326387504525
CIPLA,TATASTEEL,0.1322946955754385
CIPLA,TCS,0.055210006905765364
CIPLA,TECHM,0.05222413627209601
CIPLA,TITAN,0.1017201408168854
CIPLA,TRENT,0.1360512561531028
CIPLA,ULTRACEMCO,0.12348183001181125
CIPLA,WIPRO,0.07700384185111368
COALINDIA,DRREDDY,0.19397028909402628
COALINDIA,EICHERMOT,0.29819760194018546
COALINDIA,GRASIM,0.27574195590874717
COALINDIA,HCLTECH,0.1978510548772724
COALINDIA,HDFCBANK,0.25383397458662404
COALINDIA,HDFCLIFE,0.2029777176323303
COALINDIA,HEROMOTOCO,0.2632813885661751
COALINDIA,HINDALCO,0.38180142903872355
COALINDIA,HINDUNILVR,-0.02405016460800982
COALINDIA,ICICIBANK,0.2518680991004436
COALINDIA,INDUSINDBK,0.335131214178072
COALINDIA,INFY,0.12588104219537405
COALINDIA,ITC,0.24324240647048906
COALINDIA,JSWSTEEL,0.43915355234967834
COALINDIA,KOTAKBANK,0.2104197341615106
COALINDIA,LT,0.49074915528233265
COALINDIA,M&M,0.2954085874993895
COALINDIA,MARUTI,0.2804772220151227
COALINDIA,NESTLEIND,0.10780309270306544
COALINDIA,NTPC,0.6229576340408979
COALINDIA,ONGC,0.6412275580223373
COALINDIA,POWERGRID,0.5404502477214023
COALINDIA,RELIANCE,0.5078137877465959
COALINDIA,SBILIFE,0.2321003786305149
COALINDIA,SBIN,0.5062149391690043
COALINDIA,SHRIRAMFIN,0.4299482610674159
COALINDIA,SUNPHARMA,0.2065437402288792
COALINDIA,TATACONSUM,0.2224863308689562
COALINDIA,TATAMOTORS,0.410779636905077
COALINDIA,TATASTEEL,0.5407261069047801
COALINDIA,TCS,0.11708103943774072
COALINDIA,TECHM,0.17534778416783223
COALINDIA,TITAN,0.24197558297901417
COALINDIA,TRENT,0.26276714202077456
COALINDIA,ULTRACEMCO,0.31787941981208806
COALINDIA,WIPRO,0.24522446710389398
DRREDDY,EICHERMOT,0.1378636610997704
DRREDDY,GRASIM,0.25074411717323747
DRREDDY,HCLTECH,0.2270493247426228
DRREDDY,HDFCBANK,0.14347857589172405
DRREDDY,HDFCLIFE,0.12830617856721627
DRREDDY,HEROMOTOCO,0.1441230316167995
DRREDDY,HINDALCO,0.214048116578857
DRREDDY,HINDUNILVR,0.15731712689836636
DRREDDY,ICICIBANK,0.03210155518721331
DRREDDY,INDUSINDBK,0.08931499378153937
DRREDDY,INFY,0.23845826556398994
DRREDDY,ITC,0.18673311636565135
DRREDDY,JSWSTEEL,0.25027317265029353
DRREDDY,KOTAKBANK,-0.04646203980790218
DRREDDY,LT,0.12675791857719756
DRREDDY,M&M,0.22328252250635403
DRREDDY,MARUTI,0.13652273541996462
DRREDDY,NESTLEIND,0.2117826719802872
DRREDDY,NTPC,0.21322438134139712
DRREDDY,ONGC,0.18697511468261402
DRREDDY,POWERGRID,0.19225171023231866
DRREDDY,RELIANCE,0.1613412351359796
DRREDDY,SBILIFE,0.20565176254424694
DRREDDY,SBIN,0.14373671431956375
DRREDDY,SHRIRAMFIN,0.141519676008849
DRREDDY,SUNPHARMA,0.3904877213456883
DRREDDY,TATACONSUM,0.11041768692994838
DRREDDY,TATAMOTORS,0.20260466748411318
DRREDDY,TATASTEEL,0.21731728585955248
DRREDDY,TCS,0.21791931677438134
DRREDDY,TECHM,0.22110354374663438
DRREDDY,TITAN,0.13765872914962357
DRREDDY,TRENT,0.1706928394309527
DRREDDY,ULTRACEMCO,0.2479005801784423
DRREDDY,WIPRO,0.27890542971050114
EICHERMOT,GRASIM,0.3782093339922327
EICHERMOT,HCLTECH,0.18181777023180107
EICHERMOT,HDFCBANK,0.2862301241452171
EICHERMOT,HDFCLIFE,0.2367774188796571
EICHERMOT,HEROMOTOCO,0.26445606486459583
EICHERMOT,HINDALCO,0.2721844508730081
EICHERMOT,HINDUNILVR,0.1290878543465862
EICHERMOT,ICICIBANK,0.3472964958904885
EICHERMOT,INDUSINDBK,0.27086747602157707
EICHERMOT,INFY,0.13606614317515758
EICHERMOT,ITC,0.2614974187335024
EICHERMOT,JSWSTEEL,0.33071785900343487
EICHERMOT,KOTAKBANK,0.23520059963136236
EICHERMOT,LT,0.33674010797823983
EICHERMOT,M&M,0.36094826023086896
EICHERMOT,MARUTI,0.39316042503878385
EICHERMOT,NESTLEIND,0.14074949413463703
EICHERMOT,NTPC,0.2761457566586826
EICHERMOT,ONGC,0.2395502187719669
EICHERMOT,POWERGRID,0.2142185090268244
EICHERMOT,RELIANCE,0.33968225717198125
EICHERMOT,SBILIFE,0.3070131903965705
EICHERMOT,SBIN,0.31192489052368094
EICHERMOT,SHRIRAMFIN,0.3657228392352654
EICHERMOT,SUNPHARMA,0.18160311437282697
EICHERMOT,TATACONSUM,0.17395609308712612
EICHERMOT,TATAMOTORS,0.3141166210083006
EICHERMOT,TATASTEEL,0.3037333343008619
EICHERMOT,TCS,0.1504064689636069
EICHERMOT,TECHM,0.18936874210527704
EICHERMOT,TITAN,0.2707810536549361
EICHERMOT,TRENT,0.23759895307779064
EICHERMOT,ULTRACEMCO,0.3059965664387266
EICHERMOT,WIPRO,0.2641438313749715
GRASIM,HCLTECH,0.1622478431455237
GRASIM,HDFCBANK,0.2988195473686507
GRASIM,HDFCLIFE,0.2514038327290744
GRASIM,HEROMOTOCO,0.2842367367526289
GRASIM,HINDALCO,0.4373563070878982
GRASIM,HINDUNILVR,0.17200186253785665
GRASIM,ICICIBANK,0.39891424035004563
GRASIM,INDUSINDBK,0.3417883901525698
GRASIM,INFY,0.18297847140448367
GRASIM,ITC,0.2788343192188206
GRASIM,JSWSTEEL,0.516178180291689
GRASIM,KOTAKBANK,0.2408328953955898
GRASIM,LT,0.3530504348861183
GRASIM,M&M,0.3120372958015099
GRASIM,MARUTI,0.29533600784541464
GRASIM,NESTLEIND,0.2692566424950987
GRASIM,NTPC,0.39848904825640863
GRASIM,ONGC,0.3237637826788841
GRASIM,POWERGRID,0.356835067017043
GRASIM,RELIANCE,0.4019293336270445
GRASIM,SBILIFE,0.2506663105348562
GRASIM,SBIN,0.43042023181684497
GRASIM,SHRIRAMFIN,0.3575386914197947
GRASIM,SUNPHARMA,0.22273797464906553
GRASIM,TATACONSUM,0.2845343286795939
GRASIM,TATAMOTORS,0.3361610714668942
GRASIM,TATASTEEL,0.4654632745074664
GRASIM,TCS,0.18461677615179628
GRASIM,TECHM,0.17546272777852762
GRASIM,TITAN,0.3692848722157127
GRASIM,TRENT,0.24224229443582046
GRASIM,ULTRACEMCO,0.5902952784723859
GRASIM,WIPRO,0.24604281003060235
HCLTECH,HDFCBANK,0.05258836565007124
HCLTECH,HDFCLIFE,0.1367608316038943
HCLTECH,HEROMOTOCO,0.12740703686193133
HCLTECH,HINDALCO,0.26115980321888393
HCLTECH,HINDUNILVR,0.13819292046709963
HCLTECH,ICICIBANK,0.09743477101733139
HCLTECH,INDUSINDBK,0.13469702675972542
HCLTECH,INFY,0.6898972822471451
HCLTECH,ITC,0.18315204740528093
HCLTECH,JSWSTEEL,0.2644396812891218
HCLTECH,KOTAKBANK,0.12140394168656253
HCLTECH,LT,0.2288932136710515
HCLTECH,M&M,0.2036625164974122
HCLTECH,MARUTI,0.21687630107438963
HCLTECH,NESTLEIND,0.10751216053176693
HCLTECH,NTPC,0.16790409246300192
HCLTECH,ONGC,0.22698854395856152
HCLTECH,POWERGRID,0.11685702031034817
HCLTECH,RELIANCE,0.28252869120793966
HCLTECH,SBILIFE,0.21674539961484438
HCLTECH,SBIN,0.2205161142507205
HCLTECH,SHRIRAMFIN,0.23375587226918806
HCLTECH,SUNPHARMA,0.14709054352055476
HCLTECH,TATACONSUM,0.21134351381593722
HCLTECH,TATAMOTORS,0.27304766656675605
HCLTECH,TATASTEEL,0.2746942023900743
HCLTECH,TCS,0.6320341706912513
HCLTECH,TECHM,0.5504764969672761
HCLTECH,TITAN,0.20314983959256286
HCLTECH,TRENT,0.20975162911882833
HCLTECH,ULTRACEMCO,0.20928961155640366
HCLTECH,WIPRO,0.5828383125219714
HDFCBANK,HDFCLIFE,0.22418695875579883
HDFCBANK,HEROMOTOCO,0.10815743117267008
HDFCBANK,HINDALCO,0.25802565708670455
HDFCBANK,HINDUNILVR,0.09862411812687173
HDFCBANK,ICICIBANK,0.42739832244994996
HDFCBANK,INDUSINDBK,0.3679391960083299
HDFCBANK,INFY,0.1111966529493565
HDFCBANK,ITC,0.16886058981404145
HDFCBANK,JSWSTEEL,0.38111199430306664
HDFCBANK,KOTAKBANK,0.409929261613702
HDFCBANK,LT,0.3456193070974869
HDFCBANK,M&M,0.34036325923785526
HDFCBANK,MARUTI,0.24104658458500836
HDFCBANK,NESTLEIND,0.08543863586462595
HDFCBANK,NTPC,0.33951316704361306
HDFCBANK,ONGC,0.27751480991813043
HDFCBANK,POWERGRID,0.31025692523436843
HDFCBANK,RELIANCE,0.31606685853140326
HDFCBANK,SBILIFE,0.20595112954574674
HDFCBANK,SBIN,0.353547433188522
HDFCBANK,SHRIRAMFIN,0.33437767731085516
HDFCBANK,SUNPHARMA,0.08272714331933796
HDFCBANK,TATACONSUM,0.1148013312196865
HDFCBANK,TATAMOTORS,0.20586653290638857
HDFCBANK,TATASTEEL,0.38317491286924504
HDFCBANK,TCS,0.05766740593492479
HDFCBANK,TECHM,0.20508022983324606
HDFCBANK,TITAN,0.19043103170990233
HDFCBANK,TRENT,0.10618695806146172
HDFCBANK,ULTRACEMCO,0.364525855505955
HDFCBANK,WIPRO,0.19903112788897578
HDFCLIFE,HEROMOTOCO,0.22050542917811314
HDFCLIFE,HINDALCO,0.20314867267642664
HDFCLIFE,HINDUNILVR,0.1659749435232039
HDFCLIFE,ICICIBANK,0.18336158794234833
HDFCLIFE,INDUSINDBK,0.1941343099403001
HDFCLIFE,INFY,0.07469113867383827
HDFCLIFE,ITC,0.20703369653138298
HDFCLIFE,JSWSTEEL,0.27122633808821306
HDFCLIFE,KOTAKBANK,0.1953115924967297
HDFCLIFE,LT,0.26248257959494253
HDFCLIFE,M&M,0.21636619190559175
HDFCLIFE,MARUTI,0.25124542774503866
HDFCLIFE,NESTLEIND,0.12954004301966693
HDFCLIFE,NTPC,0.2065022871591997
HDFCLIFE,ONGC,0.21196511007721205
HDFCLIFE,POWERGRID,0.10926007879001574
HDFCLIFE,RELIANCE,0.2278320810995859
HDFCLIFE,SBILIFE,0.6007387794314308
HDFCLIFE,SBIN,0.2235605282542698
HDFCLIFE,SHRIRAMFIN,0.303828762941325
HDFCLIFE,SUNPHARMA,0.1597369789878686
HDFCLIFE,TATACONSUM,0.22064342726557237
HDFCLIFE,TATAMOTORS,0.23149826617414987
HDFCLIFE,TATASTEEL,0.29061796510199034
HDFCLIFE,TCS,0.12791863153479244
HDFCLIFE,TECHM,0.12228655863412596
HDFCLIFE,TITAN,0.22865715573871645
HDFCLIFE,TRENT,0.2036283174741024
HDFCLIFE,ULTRACEMCO,0.24576096725739974
HDFCLIFE,WIPRO,0.20329057550653337
HEROMOTOCO,HINDALCO,0.23477460870648048
HEROMOTOCO,HINDUNILVR,0.1930599146736842
HEROMOTOCO,ICICIBANK,0.1433869463762351
HEROMOTOCO,INDUSINDBK,0.19954663982968673
HEROMOTOCO,INFY,0.10030533085859777
HEROMOTOCO,ITC,0.10503425630912924
HEROMOTOCO,JSWSTEEL,0.21332586202840267
HEROMOTOCO,KOTAKBANK,0.1497883415275355
HEROMOTOCO,LT,0.19895288467076472
HEROMOTOCO,M&M,0.3537749748698221
HEROMOTOCO,MARUTI,0.29228441572073943
HEROMOTOCO,NESTLEIND,0.23732910627569379
HEROMOTOCO,NTPC,0.1550017396313818
HEROMOTOCO,ONGC,0.20055903703515504
HEROMOTOCO,POWERGRID,0.1425443321316361
HEROMOTOCO,RELIANCE,0.24499111423569161
HEROMOTOCO,SBILIFE,0.19603625841821898
HEROMOTOCO,SBIN,0.13740446769359313
HEROMOTOCO,SHRIRAMFIN,0.2566791337544293
HEROMOTOCO,SUNPHARMA,0.2206377057809474
HEROMOTOCO,TATACONSUM,0.21036865559491005
HEROMOTOCO,TATAMOTORS,0.2887996339947586
HEROMOTOCO,TATASTEEL,0.2894711121488878
HEROMOTOCO,TCS,0.10239751269618974
HEROMOTOCO,TECHM,0.11224898949054712
HEROMOTOCO,TITAN,0.2987859296381705
HEROMOTOCO,TRENT,0.21876661726135022
HEROMOTOCO,ULTRACEMCO,0.28883371022105936
HEROMOTOCO,WIPRO,0.20115682625302206
HINDALCO,HINDUNILVR,0.08971681980005977
HINDALCO,ICICIBANK,0.17292099406363134
HINDALCO,INDUSINDBK,0.27913480123916673
HINDALCO,INFY,0.18036263379158488
HINDALCO,ITC,0.14663064188627753
HINDALCO,JSWSTEEL,0.6074952454976886
HINDALCO,KOTAKBANK,0.19240519819729765
HINDALCO,LT,0.33175399074064743
HINDALCO,M&M,0.29803749820757064
HINDALCO,MARUTI,0.2843943949230902
HINDALCO,NESTLEIND,0.13221018448859176
HINDALCO,NTPC,0.36238884212449163
HINDALCO,ONGC,0.41038508688016134
HINDALCO,POWERGRID,0.38214201968439393
HINDALCO,RELIANCE,0.33351358087010996
HINDALCO,SBILIFE,0.17478279768441723
HINDALCO,SBIN,0.33909908019859347
HINDALCO,SHRIRAMFIN,0.31654327199090404
HINDALCO,SUNPHARMA,0.26477490473073584
HINDALCO,TATACONSUM,0.18474821981447995
HINDALCO,TATAMOTORS,0.369290327512204
HINDALCO,TATASTEEL,0.635510643175726
HINDALCO,TCS,0.1736367032668511
HINDALCO,TECHM,0.23798972757910528
HINDALCO,TITAN,0.25146108253662497
HINDALCO,TRENT,0.27073032478675335
HINDALCO,ULTRACEMCO,0.3107806171471833
HINDALCO,WIPRO,0.267478962742083
HINDUNILVR,ICICIBANK,-0.024423649976562465
HINDUNILVR,INDUSINDBK,0.11851267133045709
HINDUNILVR,INFY,0.16411912530279618
HINDUNILVR,ITC,0.33574308904553185
HINDUNILVR,JSWSTEEL,0.16223241969761915
HINDUNILVR,KOTAKBANK,0.15385524262852746
HINDUNILVR,LT,0.0387298530441946
HINDUNILVR,M&M,0.14501710734663237
HINDUNILVR,MARUTI,0.15577863221560384
HINDUNILVR,NESTLEIND,0.4644955243253788
HINDUNILVR,NTPC,-0.034958155084610025
HINDUNILVR,ONGC,0.00729658800616782
HINDUNILVR,POWERGRID,-0.08066542689558058
HINDUNILVR,RELIANCE,0.11075046817082726
HINDUNILVR,SBILIFE,0.2821621952755854
HINDUNILVR,SBIN,-0.03740232669461666
HINDUNILVR,SHRIRAMFIN,0.036209090935418284
HINDUNILVR,SUNPHARMA,0.021942455816558015
HINDUNILVR,TATACONSUM,0.40893057552727996
HINDUNILVR,TATAMOTORS,0.10030765711386795
HINDUNILVR,TATASTEEL,0.10151117077468098
HINDUNILVR,TCS,0.15562180175697118
HINDUNILVR,TECHM,0.1384000302066781
HINDUNILVR,TITAN,0.193932845544814
HINDUNILVR,TRENT,0.08838256135808127
HINDUNILVR,ULTRACEMCO,0.1770996092804566
HINDUNILVR,WIPRO,0.1964928203627126
ICICIBANK,INDUSINDBK,0.3381757105303569
ICICIBANK,INFY,0.19463692323070997
ICICIBANK,ITC,0.3059262723754767
ICICIBANK,JSWSTEEL,0.3806892805761976
ICICIBANK,KOTAKBANK,0.4509341771237049
ICICIBANK,LT,0.41190376081834
ICICIBANK,M&M,0.305699853097165
ICICIBANK,MARUTI,0.22451136235175106
ICICIBANK,NESTLEIND,0.07912969646530624
ICICIBANK,NTPC,0.35243859532708977
ICICIBANK,ONGC,0.2690846580399929
ICICIBANK,POWERGRID,0.29583926870680743
ICICIBANK,RELIANCE,0.38503379744158595
ICICIBANK,SBILIFE,0.20387350531907095
ICICIBANK,SBIN,0.5118891251632386
ICICIBANK,SHRIRAMFIN,0.44691480313792376
ICICIBANK,SUNPHARMA,0.20745686333134933
ICICIBANK,TATACONSUM,0.11611584563134285
ICICIBANK,TATAMOTORS,0.19325829560938018
ICICIBANK,TATASTEEL,0.3434735644666836
ICICIBANK,TCS,0.15514500577494258
ICICIBANK,TECHM,0.16335568545202817
ICICIBANK,TITAN,0.13958472507574074
ICICIBANK,TRENT,0.1195872804047775
ICICIBANK,ULTRACEMCO,0.42067199072531136
ICICIBANK,WIPRO,0.21248975796803493
INDUSINDBK,INFY,0.11655637060020968
INDUSINDBK,ITC,0.1843187405066142
INDUSINDBK,JSWSTEEL,0.4175899987984573
INDUSINDBK,KOTAKBANK,0.30911384129933334
INDUSINDBK,LT,0.42417192079854643
INDUSINDBK,M&M,0.36224920467606764
INDUSINDBK,MARUTI,0.3089877394449868
INDUSINDBK,NESTLEIND,0.18426375485676721
INDUSINDBK,NTPC,0.446343226558442
INDUSINDBK,ONGC,0.3263707973592413
INDUSINDBK,POWERGRID,0.3216619902023164
INDUSINDBK,RELIANCE,0.4022064980306529
INDUSINDBK,SBILIFE,0.2276948357905252
INDUSINDBK,SBIN,0.45296895669773646
INDUSINDBK,SHRIRAMFIN,0.4328526442232561
INDUSINDBK,SUNPHARMA,0.12027002003784473
INDUSINDBK,TATACONSUM,0.2796321275472305
INDUSINDBK,TATAMOTORS,0.33696407692244545
INDUSINDBK,TATASTEEL,0.4026311033867774
INDUSINDBK,TCS,0.10229786129231824
INDUSINDBK,TECHM,0.10731214924226042
INDUSINDBK,TITAN,0.24627731076602
INDUSINDBK,TRENT,0.2017026773400754
INDUSINDBK,ULTRACEMCO,0.3511060104347902
INDUSINDBK,WIPRO,0.19666743649731805
INFY,ITC,0.20644680663132256
INFY,JSWSTEEL,0.22297443915211881
INFY,KOTAKBANK,0.16996055212843575
INFY,LT,0.23432476122767373
INFY,M&M,0.2382242611392408
INFY,MARUTI,0.1242459925982667
INFY,NESTLEIND,0.06590542667882823
INFY,NTPC,0.12185163077879635
INFY,ONGC,0.22979824463314333
INFY,POWERGRID,0.09057332023587916
INFY,RELIANCE,0.19971445741827995
INFY,SBILIFE,0.163602556955357
INFY,SBIN,0.18044303193712008
INFY,SHRIRAMFIN,0.17125017002879397
INFY,SUNPHARMA,0.1402246350152048
INFY,TATACONSUM,0.24546188984551592
INFY,TATAMOTORS,0.18090706878424315
INFY,TATASTEEL,0.17756450086195785
INFY,TCS,0.7078415292929884
INFY,TECHM,0.649199399450801
INFY,TITAN,0.21442200354793348
INFY,TRENT,0.15512090802289752
INFY,ULTRACEMCO,0.22634255535572256
INFY,WIPRO,0.5703750676996625
ITC,JSWSTEEL,0.3167348540700419
ITC,KOTAKBANK,0.23362713072622307
ITC,LT,0.25054177483530476
ITC,M&M,0.20232878958267952
ITC,MARUTI,0.25446877730356776
ITC,NESTLEIND,0.3368794170450982
ITC,NTPC,0.2412277372731484
ITC,ONGC,0.20075369990787478
ITC,POWERGRID,0.13432067199140457
ITC,RELIANCE,0.3009077735943247
ITC,SBILIFE,0.20798516517982432
ITC,SBIN,0.26472605437197144
ITC,SHRIRAMFIN,0.23563799040628414
ITC,SUNPHARMA,0.18620536778860403
ITC,TATACONSUM,0.30509181097502
ITC,TATAMOTORS,0.189788110071925
ITC,TATASTEEL,0.2556471352397993
ITC,TCS,0.15791931392156605
ITC,TECHM,0.21985741692935584
ITC,TITAN,0.31958405099447035
ITC,TRENT,0.15447201739859073
ITC,ULTRACEMCO,0.26333247373260715
ITC,WIPRO,0.23627254248865098
JSWSTEEL,KOTAKBANK,0.30531817475169276
JSWSTEEL,LT,0.5024226343811885
JSWSTEEL,M&M,0.42348206138474936
JSWSTEEL,MARUTI,0.3809253731749061
JSWSTEEL,NESTLEIND,0.18902273994876864
JSWSTEEL,NTPC,0.521625056784713
JSWSTEEL,ONGC,0.45269776389378874
JSWSTEEL,POWERGRID,0.4600157411744573
JSWSTEEL,RELIANCE,0.43336790901615135
JSWSTEEL,SBILIFE,0.23979193196853965
JSWSTEEL,SBIN,0.4571495889375858
JSWSTEEL,SHRIRAMFIN,0.4198189529381075
JSWSTEEL,SUNPHARMA,0.25297881182177756
JSWSTEEL,TATACONSUM,0.23963805924774978
JSWSTEEL,TATAMOTORS,0.4176017022638823
JSWSTEEL,TATASTEEL,0.7893454717404993
JSWSTEEL,TCS,0.22263205487433355
JSWSTEEL,TECHM,0.27129303255468196
JSWSTEEL,TITAN,0.3273075756646848
JSWSTEEL,TRENT,0.26122661049807916
JSWSTEEL,ULTRACEMCO,0.555253463809542
JSWSTEEL,WIPRO,0.3691136963983937
KOTAKBANK,LT,0.27200712050595605
KOTAKBANK,M&M,0.2370753965299384
KOTAKBANK,MARUTI,0.2156184329191282
KOTAKBANK,NESTLEIND,0.1249235370238705
KOTAKBANK,NTPC,0.23132086724447018
KOTAKBANK,ONGC,0.22232143484756625
KOTAKBANK,POWERGRID,0.19167894830515853
KOTAKBANK,RELIANCE,0.34380404216325705
KOTAKBANK,SBILIFE,0.2744078753106413
KOTAKBANK,SBIN,0.2687133664277423
KOTAKBANK,SHRIRAMFIN,0.2855648095401735
KOTAKBANK,SUNPHARMA,0.11177753209343583
KOTAKBANK,TATACONSUM,0.19931277936389857
KOTAKBANK,TATAMOTORS,0.15473472436708643
KOTAKBANK,TATASTEEL,0.2574334714312189
KOTAKBANK,TCS,0.12071278848660753
KOTAKBANK,TECHM,0.17032781480368778
KOTAKBANK,TITAN,0.1650417979493449
KOTAKBANK,TRENT,0.0809421852289067
KOTAKBANK,ULTRACEMCO,0.3307286817177666
KOTAKBANK,WIPRO,0.24359943972980097
LT,M&M,0.3629623705264334
LT,MARUTI,0.3363507772895647
LT,NESTLEIND,0.09389221965381656
LT,NTPC,0.5398833770392888
LT,ONGC,0.5438780291747174
LT,POWERGRID,0.4474526617947455
LT,RELIANCE,0.5376974237858617
LT,SBILIFE,0.328790788829227
LT,SBIN,0.5017570178014956
LT,SHRIRAMFIN,0.4575187073216231
LT,SUNPHARMA,0.16974191359774612
LT,TATACONSUM,0.17085873545087232
LT,TATAMOTORS,0.3534719433620608
LT,TATASTEEL,0.4861313688246341
LT,TCS,0.2224320270663349
LT,TECHM,0.21195580060368283
LT,TITAN,0.23335785117059865
LT,TRENT,0.18798040648591421
LT,ULTRACEMCO,0.4736858640842979
LT,WIPRO,0.32240016138744765
M&M,MARUTI,0.4029914422204658
M&M,NESTLEIND,0.21346775858431902
M&M,NTPC,0.3315896403657104
M&M,ONGC,0.29144925297455104
M&M,POWERGRID,0.29093443321249657
M&M,RELIANCE,0.305824375027763
M&M,SBILIFE,0.21175667148533123
M&M,SBIN,0.32681808697703457
M&M,SHRIRAMFIN,0.365074392456902
M&M,SUNPHARMA,0.2774787109530407
M&M,TATACONSUM,0.17116178084143985
M&M,TATAMOTORS,0.403347046356612
M&M,TATASTEEL,0.42627680032797405
M&M,TCS,0.1802508494842972
M&M,TECHM,0.220970961763458
M&M,TITAN,0.28974196624685156
M&M,TRENT,0.2495127635369053
M&M,ULTRACEMCO,0.4233328983934301
M&M,WIPRO,0.30394428793830786
MARUTI,NESTLEIND,0.23978225180143922
MARUTI,NTPC,0.29525490634970175
MARUTI,ONGC,0.28825352203831556
MARUTI,POWERGRID,0.27994353869201904
MARUTI,RELIANCE,0.35217978076071715
MARUTI,SBILIFE,0.3002727782827483
MARUTI,SBIN,0.28979558000500777
MARUTI,SHRIRAMFIN,0.2917053732083951
MARUTI,SUNPHARMA,0.1971658770572636
MARUTI,TATACONSUM,0.2102589371256562
MARUTI,TATAMOTORS,0.40691426911417083
MARUTI,TATASTEEL,0.39904794216611034
MARUTI,TCS,0.16891959024539682
MARUTI,TECHM,0.1476685003137378
MARUTI,TITAN,0.3338058373383838
MARUTI,TRENT,0.1848334285156903
MARUTI,ULTRACEMCO,0.3527056392937401
MARUTI,WIPRO,0.2081136846639666
NESTLEIND,NTPC,0.07889957324616716
NESTLEIND,ONGC,0.03988235100600106
NESTLEIND,POWERGRID,0.08792359580570597
NESTLEIND,RELIANCE,0.18931743291883538
NESTLEIND,SBILIFE,0.1888163074030396
NESTLEIND,SBIN,0.040934392397374134
NESTLEIND,SHRIRAMFIN,0.13478318128036493
NESTLEIND,SUNPHARMA,0.13474887075033667
NESTLEIND,TATACONSUM,0.3802307518019235
NESTLEIND,TATAMOTORS,0.14916285372722068
NESTLEIND,TATASTEEL,0.12283840495374568
NESTLEIND,TCS,0.11096508587752006
NESTLEIND,TECHM,0.06304673386378351
NESTLEIND,TITAN,0.24338025596770366
NESTLEIND,TRENT,0.1424288396404029
NESTLEIND,ULTRACEMCO,0.28281031224124353
NESTLEIND,WIPRO,0.15219275444382493
NTPC,ONGC,0.6294822751182074
NTPC,POWERGRID,0.709330647025379
NTPC,RELIANCE,0.5490408229398847
NTPC,SBILIFE,0.2322065764808381
NTPC,SBIN,0.5940873973776762
NTPC,SHRIRAMFIN,0.4745535837613341
NTPC,SUNPHARMA,0.23063962912871602
NTPC,TATACONSUM,0.19213446198439504
NTPC,TATAMOTORS,0.4166277089931984
NTPC,TATASTEEL,0.5516955231769858
NTPC,TCS,0.1178358453310109
NTPC,TECHM,0.19033413490433712
NTPC,TITAN,0.33631668605867693
NTPC,TRENT,0.23886130378877993
NTPC,ULTRACEMCO,0.4480793486671823
NTPC,WIPRO,0.20907568646927013
ONGC,POWERGRID,0.5008944343558764
ONGC,RELIANCE,0.5563318585256429
ONGC,SBILIFE,0.2606177274865134
ONGC,SBIN,0.5730525524778238
ONGC,SHRIRAMFIN,0.4468698699604157
ONGC,SUNPHARMA,0.23289903205948856
ONGC,TATACONSUM,0.18349761804708137
ONGC,TATAMOTORS,0.44113807469595073
ONGC,TATASTEEL,0.5032582060948229
ONGC,TCS,0.18045606401558706
ONGC,TECHM,0.2353653229220993
ONGC,TITAN,0.1951398584764611
ONGC,TRENT,0.2144302151000974
ONGC,ULTRACEMCO,0.4054956272990249
ONGC,WIPRO,0.2956565949916917
POWERGRID,RELIANCE,0.469369252022909
POWERGRID,SBILIFE,0.15038680367310822
POWERGRID,SBIN,0.49491550574951826
POWERGRID,SHRIRAMFIN,0.35622920604302294
POWERGRID,SUNPHARMA,0.25028371769440777
POWERGRID,TATACONSUM,0.15144191297144458
POWERGRID,TATAMOTORS,0.35711437381734357
POWERGRID,TATASTEEL,0.5165708019228424
POWERGRID,TCS,0.09764921893374681
POWERGRID,TECHM,0.15132763173915784
POWERGRID,TITAN,0.20721724465998737
POWERGRID,TRENT,0.20110506271596104
POWERGRID,ULTRACEMCO,0.3890613895738046
POWERGRID,WIPRO,0.16664743963561088
RELIANCE,SBILIFE,0.28388567505902
RELIANCE,SBIN,0.5499665494216662
RELIANCE,SHRIRAMFIN,0.4491495391815696
RELIANCE,SUNPHARMA,0.2893802979188124
RELIANCE,TATACONSUM,0.21224367247094775
RELIANCE,TATAMOTORS,0.39112074625287374
RELIANCE,TATASTEEL,0.4502355763973442
RELIANCE,TCS,0.255497553110638
RELIANCE,TECHM,0.2666506989265331
RELIANCE,TITAN,0.3310246716062178
RELIANCE,TRENT,0.28607192270148996
RELIANCE,ULTRACEMCO,0.49261000875039884
RELIANCE,WIPRO,0.3693725963750737
SBILIFE,SBIN,0.26807476549197445
SBILIFE,SHRIRAMFIN,0.3347493038010693
SBILIFE,SUNPHARMA,0.1421878461093427
SBILIFE,TATACONSUM,0.2156539747716192
SBILIFE,TATAMOTORS,0.22284849600356868
SBILIFE,TATASTEEL,0.22517584551337572
SBILIFE,TCS,0.18744358117002893
SBILIFE,TECHM,0.15622511613619555
SBILIFE,TITAN,0.22194109259978742
SBILIFE,TRENT,0.1735049120636728
SBILIFE,ULTRACEMCO,0.2733009005281753
SBILIFE,WIPRO,0.2501730493241129
SBIN,SHRIRAMFIN,0.5110732762678669
SBIN,SUNPHARMA,0.13347708399511554
SBIN,TATACONSUM,0.12268809979356383
SBIN,TATAMOTORS,0.36564310952195983
SBIN,TATASTEEL,0.49215880151936536
SBIN,TCS,0.17601468595669367
SBIN,TECHM,0.19543616097201721
SBIN,TITAN,0.22599605815974577
SBIN,TRENT,0.2794375921957822
SBIN,ULTRACEMCO,0.42712735708576116
SBIN,WIPRO,0.24909411340867205
SHRIRAMFIN,SUNPHARMA,0.2128370377727049
SHRIRAMFIN,TATACONSUM,0.18846255930698183
SHRIRAMFIN,TATAMOTORS,0.36243404758758113
SHRIRAMFIN,TATASTEEL,0.43710875168471386
SHRIRAMFIN,TCS,0.11542288097007863
SHRIRAMFIN,TECHM,0.2270499257475882
SHRIRAMFIN,TITAN,0.2548833772637181
SHRIRAMFIN,TRENT,0.22981948752349418
SHRIRAMFIN,ULTRACEMCO,0.4671051545752382
SHRIRAMFIN,WIPRO,0.2989529613272921
SUNPHARMA,TATACONSUM,0.16646966094516658
SUNPHARMA,TATAMOTORS,0.3080285307952007
SUNPHARMA,TATASTEEL,0.26813378013018424
SUNPHARMA,TCS,0.13110720279148183
SUNPHARMA,TECHM,0.1638608578724868
SUNPHARMA,TITAN,0.21260478577916603
SUNPHARMA,TRENT,0.256249775122696
SUNPHARMA,ULTRACEMCO,0.229029493133866
SUNPHARMA,WIPRO,0.18644811836310535
TATACONSUM,TATAMOTORS,0.19039722094315306
TATACONSUM,TATASTEEL,0.22787524827554112
TATACONSUM,TCS,0.2725148686646222
TATACONSUM,TECHM,0.21490087221610396
TATACONSUM,TITAN,0.312505493993889
TATACONSUM,TRENT,0.187718463417158
TATACONSUM,ULTRACEMCO,0.24623146417197375
TATACONSUM,WIPRO,0.25086198557360295
TATAMOTORS,TATASTEEL,0.5181962475794948
TATAMOTORS,TCS,0.2533360294272986
TATAMOTORS,TECHM,0.2822747925841891
TATAMOTORS,TITAN,0.2757295244321224
TATAMOTORS,TRENT,0.22484466507591863
TATAMOTORS,ULTRACEMCO,0.3535129409795106
TATAMOTORS,WIPRO,0.31424600153167326
TATASTEEL,TCS,0.2435265914486176
TATASTEEL,TECHM,0.28828375864678213
TATASTEEL,TITAN,0.29325354781663654
TATASTEEL,TRENT,0.22348007390138228
TATASTEEL,ULTRACEMCO,0.46822617154455703
TATASTEEL,WIPRO,0.335526977188939
TCS,TECHM,0.5844334431607302
TCS,TITAN,0.14853528834383312
TCS,TRENT,0.12627074508596062
TCS,ULTRACEMCO,0.24364551544379043
TCS,WIPRO,0.5940506868946638
TECHM,TITAN,0.24374012889856378
TECHM,TRENT,0.15244906333503178
TECHM,ULTRACEMCO,0.2704031278213614
TECHM,WIPRO,0.600990237163658
TITAN,TRENT,0.19725947368409558
TITAN,ULTRACEMCO,0.35597882073440373
TITAN,WIPRO,0.2614381897191291
TRENT,ULTRACEMCO,0.2948898724793
TRENT,WIPRO,0.15378873645533386
ULTRACEMCO,WIPRO,0.2935361249274001
